Title,Views,Views_Count,Published,URL,Duration_Text,Duration_Seconds,Category
ผจญกองกอย ล่าแก้วหยาดน้ำค้างเขาภูพาน | หลอนไดอารี่ EP.293,การดู 4.1 แสน ครั้ง,409999,2025-09-20 22:39:23.823084,https://www.youtube.com/watch?v=-T307er3Dlc,12:47,767,เรื่องเล่า
ความเฮี้ยนผีทรงเลี้ยง รัชกาลที่ 6 | หลอนไดอารี่,การดู 6 แสน ครั้ง,600000,2025-09-17 22:39:23.823106,https://www.youtube.com/watch?v=huzYJ5b2fqw,10:32,632,เรื่องเล่า
กระหังพระ ผิดครู | หลอนไดอารี่ EP.292,การดู 7.8 แสน ครั้ง,780000,2025-09-13 22:39:23.823115,https://www.youtube.com/watch?v=l1t5gpxIXFI,12:57,777,เรื่องเล่า
หลอนไดอารี่ย้อนยุค EP.1 | หลอนไดอารี่,การดู 6.7 แสน ครั้ง,670000,2025-09-10 22:39:23.823121,https://www.youtube.com/watch?v=XORWgaUn8F4,1:04:00,3840,เรื่องเล่า
สงครามมหาครุฑ ถล่มหิมพานต์ - [Official Teaser],การดู 1.5 แสน ครั้ง,150000,2025-09-09 22:39:23.823127,https://www.youtube.com/watch?v=BnTm2egodqQ,1:17,77,อื่น ๆ
รวมคลิป นนท์เดอะซีรีส์ ภาค 2 ตอน ศึกอาคม ฝ่าแดนนรก | หลอนไดอารี่,การดู 1.9 แสน ครั้ง,190000,2025-09-08 22:39:23.823133,https://www.youtube.com/watch?v=cCMjEx_r110,45:19,2719,ตำนาน / ประวัติศาสตร์
ผ่าศพผีตายทั้งกลม (เฮี้ยนหนักลูกหลุดจากท้อง!) | หลอนไดอารี่ EP.291,การดู 8.8 แสน ครั้ง,880000,2025-09-08 22:39:23.823139,https://www.youtube.com/watch?v=01gUndR5egQ,10:38,638,เรื่องเล่า
นนท์เดอะซีรีส์ ภาค 2 | EP.26 ตอน ศึกอาคม ฝ่าแดนนรก (ตอนจบ) | หลอนไดอารี่,การดู 9.4 แสน ครั้ง,940000,2025-09-08 22:39:23.823144,https://www.youtube.com/watch?v=RSC99zxsL0U,10:24,624,ตำนาน / ประวัติศาสตร์
เสน่ห์ยาแฝด สั่งรัก สั่งหลง | หลอนไดอารี่ EP.290,การดู 8.3 แสน ครั้ง,830000,2025-09-01 22:39:23.823150,https://www.youtube.com/watch?v=E68YljHwMB4,14:16,856,เรื่องเล่า
นนท์เดอะซีรีส์ ภาค 2 | EP.25 ตอน ศึกอาคม ฝ่าแดนนรก | หลอนไดอารี่,การดู 9.8 แสน ครั้ง,980000,2025-09-01 22:39:23.823154,https://www.youtube.com/watch?v=9_8IdMMbyng,11:28,688,ตำนาน / ประวัติศาสตร์
คืนนั่งห้าง หมีควายสู้สมิง | หลอนไดอารี่ EP.289,การดู 9.4 แสน ครั้ง,940000,2025-08-25 22:39:23.823159,https://www.youtube.com/watch?v=Frol5shXRKQ,12:41,761,เรื่องผี
นนท์เดอะซีรีส์ ภาค 2 | EP.24 ตอน ศึกอาคม ฝ่าแดนนรก | หลอนไดอารี่,การดู 1 ล้าน ครั้ง,1000000,2025-08-23 22:39:23.823164,https://www.youtube.com/watch?v=6JZI3Zc_rMw,10:15,615,ตำนาน / ประวัติศาสตร์
ครูใหม่ ป่าช้าเก่า | หลอนพอดแคสท์ EP.1,1 เดือนที่ผ่านมา,1,,https://www.youtube.com/watch?v=AN9DTqC1MDc,10:29,629,เรื่องเล่า
หมอธรรมห่าก้อม กำราบหมอผี (ตอนจบโคตรอึ้ง!) | หลอนไดอารี่ EP.288,การดู 8.3 แสน ครั้ง,830000,2025-08-23 22:39:23.823170,https://www.youtube.com/watch?v=l68VHV1IJyM,12:13,733,เรื่องเล่า
นนท์เดอะซีรีส์ ภาค 2 | EP.23 ตอน ศึกอาคม ฝ่าแดนนรก | หลอนไดอารี่,การดู 1 ล้าน ครั้ง,1000000,2025-08-23 22:39:23.823175,https://www.youtube.com/watch?v=VFAV2L2all8,8:50,530,ตำนาน / ประวัติศาสตร์
คำหล้า ผีเลี้ยงลูกคน | หลอนไดอารี่ EP.287,การดู 1.1 ล้าน ครั้ง,1100000,2025-08-23 22:39:23.823179,https://www.youtube.com/watch?v=gkPtBkC5CYw,13:16,796,เรื่องผี
เบื้องหลังทีมงาน 001,1 เดือนที่ผ่านมา,1,,https://www.youtube.com/watch?v=bAAZcfki7fg,15:37,937,อื่น ๆ
นนท์เดอะซีรีส์ ภาค 2 | EP.22 ตอน ศึกอาคม ฝ่าแดนนรก | หลอนไดอารี่,การดู 1 ล้าน ครั้ง,1000000,2025-08-23 22:39:23.823183,https://www.youtube.com/watch?v=EInU4I_oePc,9:59,599,ตำนาน / ประวัติศาสตร์
รวมคลิป นนท์เดอะซีรีส์ ภาค 2 ตอน ป่าต้องสาป ยักษ์กินคน | หลอนไดอารี่,การดู 4.5 แสน ครั้ง,450000,2025-08-23 22:39:23.823188,https://www.youtube.com/watch?v=1e4MZmna4Xo&pp=0gcJCesJAYcqIYzv,35:42,2142,ตำนาน / ประวัติศาสตร์
ผีหิ้วหัวเฝ้าสวนยาง | หลอนไดอารี่ EP.286,การดู 9.1 แสน ครั้ง,910000,2025-08-23 22:39:23.823192,https://www.youtube.com/watch?v=oPjHjba9lu4&pp=0gcJCesJAYcqIYzv,10:51,651,เรื่องผี
นนท์เดอะซีรีส์ ภาค 2 | EP.21 ตอน ป่าต้องสาป ยักษ์กินคน | หลอนไดอารี่,การดู 9.9 แสน ครั้ง,990000,2025-08-23 22:39:23.823196,https://www.youtube.com/watch?v=7YMQ7TR1M0Y,8:50,530,ตำนาน / ประวัติศาสตร์
เทวรูปกินคน 5 ปลุกชีพอสูรตนใหม่ | หลอนไดอารี่ EP.285,การดู 1.1 ล้าน ครั้ง,1100000,2025-08-23 22:39:23.823201,https://www.youtube.com/watch?v=C9gI9owEOVQ,14:18,858,เรื่องเล่า
นนท์เดอะซีรีส์ ภาค 2 | EP.20 ตอน ป่าต้องสาป ยักษ์กินคน | หลอนไดอารี่,การดู 1 ล้าน ครั้ง,1000000,2025-08-23 22:39:23.823205,https://www.youtube.com/watch?v=0Xz64UE-q0g,10:19,619,ตำนาน / ประวัติศาสตร์
ทางอ้อมเขื่อน จ.กาญจนบุรี | หลอนไดอารี่ EP.284,การดู 1 ล้าน ครั้ง,1000000,2025-07-24 22:39:23.823209,https://www.youtube.com/watch?v=FE8ba6w0Mow,11:10,670,เรื่องเล่า
นนท์เดอะซีรีส์ ภาค 2 | EP.19 ตอน ป่าต้องสาป ยักษ์กินคน | หลอนไดอารี่,การดู 1.2 ล้าน ครั้ง,1200000,2025-07-24 22:39:23.823213,https://www.youtube.com/watch?v=JHcykjAzQP0,10:35,635,ตำนาน / ประวัติศาสตร์
กระสือยายหอม กินอาจม | หลอนไดอารี่ EP.283,การดู 9.9 แสน ครั้ง,990000,2025-07-24 22:39:23.823218,https://www.youtube.com/watch?v=vofKP0v0_rY,12:48,768,เรื่องผี
นนท์เดอะซีรีส์ ภาค 2 | EP.18 ตอน ป่าต้องสาป ยักษ์กินคน | หลอนไดอารี่,การดู 1.2 ล้าน ครั้ง,1200000,2025-07-24 22:39:23.823222,https://www.youtube.com/watch?v=nXBICLuk1uA&pp=0gcJCesJAYcqIYzv,10:11,611,ตำนาน / ประวัติศาสตร์
รวมคลิป นนท์เดอะซีรีส์ ภาค 2 ตอน ดงกระสือ มนต์ผีลากไส้ | หลอนไดอารี่,การดู 5.5 แสน ครั้ง,550000,2025-07-24 22:39:23.823226,https://www.youtube.com/watch?v=2cAOQcIONuE,39:28,2368,เรื่องผี
ดอยเฮี้ยนผีดุ | หลอนไดอารี่ EP.282,การดู 1 ล้าน ครั้ง,1000000,2025-07-24 22:39:23.823231,https://www.youtube.com/watch?v=4kC5X9H8w-E,12:42,762,เรื่องเล่า
นนท์เดอะซีรีส์ ภาค 2 | EP.17 ตอน ดงกระสือ มนต์ผีลากไส้ | หลอนไดอารี่,การดู 1.1 ล้าน ครั้ง,1100000,2025-07-24 22:39:23.823235,https://www.youtube.com/watch?v=JgQx4kFUATg&pp=0gcJCesJAYcqIYzv,12:19,739,เรื่องผี
หลวงพ่อเงิน วัดบางคลาน เผชิญจระเข้ผี | หลอนไดอารี่ EP.281,การดู 1.6 ล้าน ครั้ง,1600000,2025-07-24 22:39:23.823239,https://www.youtube.com/watch?v=nqbqu6JbsqE,14:40,880,เรื่องเล่า
ตำรานนท์เดอะซีรีส์ เปิดอาคมลับใช้สู้ผี | หลอนไดอารี่,การดู 7.1 แสน ครั้ง,710000,2025-07-24 22:39:23.823244,https://www.youtube.com/watch?v=grrMPze_IHY,7:01,421,นิยาย
บ้านเก็บศพ ผีลุกมาล่า | หลอนไดอารี่ EP.280,การดู 1.1 ล้าน ครั้ง,1100000,2025-06-24 22:39:23.823248,https://www.youtube.com/watch?v=T0st1d1eYO8,12:28,748,เรื่องผี
นนท์เดอะซีรีส์ ภาค 2 | EP.16 ตอน ดงกระสือ มนต์ผีลากไส้ | หลอนไดอารี่,การดู 1.3 ล้าน ครั้ง,1300000,2025-06-24 22:39:23.823252,https://www.youtube.com/watch?v=mW_DRy4gLyM,9:33,573,เรื่องผี
ปอบยายเลื่อม แฝงร่างกินไส้ (กูกินแม่มึงหมดแล้ว!) | หลอนไดอารี่ EP.279,การดู 1.2 ล้าน ครั้ง,1200000,2025-06-24 22:39:23.823256,https://www.youtube.com/watch?v=pbELOJ8m_Ww,12:46,766,เรื่องเล่า
นนท์เดอะซีรีส์ ภาค 2 | EP.15 ตอน ดงกระสือ มนต์ผีลากไส้ | หลอนไดอารี่,การดู 1.2 ล้าน ครั้ง,1200000,2025-06-24 22:39:23.823261,https://www.youtube.com/watch?v=nu8R9RvxIv8,10:13,613,เรื่องผี
สมัครสมาชิกช่องหลอนไดอารี่ YouTube Membership,การดู 1.4 แสน ครั้ง,140000,2025-06-24 22:39:23.823265,https://www.youtube.com/watch?v=xfPL62uhClA,0:28,28,เรื่องเล่า
หมอลำขอข้าว ผีให้ของ | หลอนไดอารี่ EP.278,การดู 1 ล้าน ครั้ง,1000000,2025-06-24 22:39:23.823269,https://www.youtube.com/watch?v=m6CrWv0cMp8,13:59,839,เรื่องผี
นนท์เดอะซีรีส์ ภาค 2 | EP.14 ตอน ดงกระสือ มนต์ผีลากไส้ | หลอนไดอารี่,การดู 1.3 ล้าน ครั้ง,1300000,2025-06-24 22:39:23.823273,https://www.youtube.com/watch?v=RAeFjUyjGA8,11:44,704,เรื่องผี
รวมคลิป นนท์เดอะซีรีส์ ภาค 2 ตอน เปรตงู อสูรกายโลกันต์ | หลอนไดอารี่,การดู 9.1 แสน ครั้ง,910000,2025-06-24 22:39:23.823277,https://www.youtube.com/watch?v=984IlJ71hsw,37:43,2263,เรื่องผี
ห้ามดูคนเดียว! 6 เรื่องผีกระชากวิญญาณ | หลอนไดอารี่,การดู 1.6 ล้าน ครั้ง,1600000,2025-06-24 22:39:23.823281,https://www.youtube.com/watch?v=cvnKnRg7MG8&pp=0gcJCesJAYcqIYzv,1:20:18,4818,เรื่องเล่า
นนท์เดอะซีรีส์ ภาค 2 | EP.13 ตอน เปรตงู อสูรกายโลกันต์ | หลอนไดอารี่,การดู 1.2 ล้าน ครั้ง,1200000,2025-06-24 22:39:23.823286,https://www.youtube.com/watch?v=F6NX8SoqWVM&pp=0gcJCesJAYcqIYzv,10:56,656,เรื่องผี
ส่อนขวัญเรียกผี | หลอนไดอารี่ EP.277,การดู 1.4 ล้าน ครั้ง,1400000,2025-06-24 22:39:23.823290,https://www.youtube.com/watch?v=X_rUEM4HhMI&pp=0gcJCesJAYcqIYzv,13:41,821,เรื่องเล่า
นนท์เดอะซีรีส์ ภาค 2 | EP.12 ตอน เปรตงู อสูรกายโลกันต์ | หลอนไดอารี่,การดู 1.2 ล้าน ครั้ง,1200000,2025-05-25 22:39:23.823294,https://www.youtube.com/watch?v=-wIXMDmEIKc,9:44,584,เรื่องผี
เปรตนางพริ้ง ลูกทรพี | หลอนไดอารี่ EP.276,การดู 1.6 ล้าน ครั้ง,1600000,2025-05-25 22:39:23.823299,https://www.youtube.com/watch?v=R9XYRKXvLNE,12:45,765,เรื่องผี
นนท์เดอะซีรีส์ ภาค 2 | EP.11 ตอน เปรตงู อสูรกายโลกันต์ | หลอนไดอารี่,การดู 1.4 ล้าน ครั้ง,1400000,2025-05-25 22:39:23.823303,https://www.youtube.com/watch?v=Tsb8pH-trRc,11:09,669,เรื่องผี
ผัวผีนางตานี | หลอนไดอารี่ EP.275,การดู 1 ล้าน ครั้ง,1000000,2025-05-25 22:39:23.823308,https://www.youtube.com/watch?v=uzYexm-gmyg,15:18,918,เรื่องเล่า
นนท์เดอะซีรีส์ ภาค 2 | EP.10 ตอน เปรตงู อสูรกายโลกันต์ | หลอนไดอารี่,การดู 1.3 ล้าน ครั้ง,1300000,2025-05-25 22:39:23.823312,https://www.youtube.com/watch?v=ZkqGZ7Adocc,10:00,600,เรื่องผี
รวมคลิป นนท์เดอะซีรีส์ ภาค 2 ตอน คุณไสยสลักนาม | หลอนไดอารี่,การดู 9.5 แสน ครั้ง,950000,2025-05-25 22:39:23.823316,https://www.youtube.com/watch?v=BAX8lXfOZfI,49:51,2991,ตำนาน / ประวัติศาสตร์
สามพรานล่าสมบัติ ป่าลับแลมรณะ | หลอนไดอารี่ EP.274,การดู 1.5 ล้าน ครั้ง,1500000,2025-05-25 22:39:23.823321,https://www.youtube.com/watch?v=eDIQkg0JTBw,15:28,928,เรื่องเล่า
นนท์เดอะซีรีส์ ภาค 2 | EP.9 ตอน คุณไสยสลักนาม | หลอนไดอารี่,การดู 1.1 ล้าน ครั้ง,1100000,2025-05-25 22:39:23.823325,https://www.youtube.com/watch?v=a92-caoYsc8,12:57,777,ตำนาน / ประวัติศาสตร์
ผีพราย สะดือลำน้ำโขง (กระชากกินคน) | หลอนไดอารี่ EP.273,การดู 1.3 ล้าน ครั้ง,1300000,2025-05-25 22:39:23.823329,https://www.youtube.com/watch?v=UkR3LL8EB38,15:36,936,เรื่องผี
นนท์เดอะซีรีส์ ภาค 2 | EP.8 ตอน คุณไสยสลักนาม | หลอนไดอารี่,การดู 1.3 ล้าน ครั้ง,1300000,2025-05-25 22:39:23.823333,https://www.youtube.com/watch?v=tefPjPNV3Dw&pp=0gcJCesJAYcqIYzv,10:16,616,ตำนาน / ประวัติศาสตร์
คืนไล่ปอบเขมร กินควาย | หลอนไดอารี่ EP.272,การดู 2.1 ล้าน ครั้ง,2100000,2025-04-25 22:39:23.823337,https://www.youtube.com/watch?v=dr3U09mmWEA,12:40,760,เรื่องเล่า
นนท์เดอะซีรีส์ ภาค 2 | EP.7 ตอน คุณไสยสลักนาม | หลอนไดอารี่,การดู 1.1 ล้าน ครั้ง,1100000,2025-04-25 22:39:23.823342,https://www.youtube.com/watch?v=-if4FUfvrMY&pp=0gcJCesJAYcqIYzv,9:57,597,ตำนาน / ประวัติศาสตร์
สาดความโหด รวมผีคลั่งรับสงกรานต์ 2025 | หลอนไดอารี่,การดู 1.3 ล้าน ครั้ง,1300000,2025-04-25 22:39:23.823346,https://www.youtube.com/watch?v=-RooVVePpMc,1:17:28,4648,เรื่องเล่า
นนท์เดอะซีรีส์ ภาค 2 | EP.6 ตอน คุณไสยสลักนาม | หลอนไดอารี่,การดู 1.2 ล้าน ครั้ง,1200000,2025-04-25 22:39:23.823350,https://www.youtube.com/watch?v=KtStzKU4IZQ&pp=0gcJCesJAYcqIYzv,10:35,635,ตำนาน / ประวัติศาสตร์
สัปเหร่อส่วน เผาศพหมอผี | หลอนไดอารี่ EP.271,การดู 1.8 ล้าน ครั้ง,1800000,2025-04-25 22:39:23.823354,https://www.youtube.com/watch?v=yY0lQqYztQ4,13:40,820,เรื่องเล่า
นนท์เดอะซีรีส์ ภาค 2 | EP.5 ตอน คุณไสยสลักนาม | หลอนไดอารี่,การดู 1.2 ล้าน ครั้ง,1200000,2025-04-25 22:39:23.823358,https://www.youtube.com/watch?v=utoGyvtcTKU,11:45,705,ตำนาน / ประวัติศาสตร์
รวมคลิป นนท์เดอะซีรีส์ ภาค 2 ตอน อาถรรพ์ป่า ฝ่าดงผี | หลอนไดอารี่,การดู 9.7 แสน ครั้ง,969999,2025-04-25 22:39:23.823363,https://www.youtube.com/watch?v=m1V7QdHyJ7M,34:51,2091,เรื่องผี
มโนราห์ อาถรรพ์หนังหน้าผี | หลอนไดอารี่ EP.270,การดู 1.6 ล้าน ครั้ง,1600000,2025-04-25 22:39:23.823367,https://www.youtube.com/watch?v=Bi0TqDKe-GU,16:53,1013,เรื่องผี
นนท์เดอะซีรีส์ ภาค 2 | EP.4 ตอน อาถรรพ์ป่า ฝ่าดงผี | หลอนไดอารี่,การดู 1.1 ล้าน ครั้ง,1100000,2025-04-25 22:39:23.823371,https://www.youtube.com/watch?v=P7sj-QXdVX0,10:03,603,เรื่องผี
ผีตาสปีด ไล่ตามสาว | หลอนไดอารี่ EP.269,การดู 2.4 ล้าน ครั้ง,2400000,2025-03-26 22:39:23.823376,https://www.youtube.com/watch?v=reY3R6sng4w,11:59,719,เรื่องผี
นนท์เดอะซีรีส์ ภาค 2 | EP.3 ตอน อาถรรพ์ป่า ฝ่าดงผี | หลอนไดอารี่,การดู 1.2 ล้าน ครั้ง,1200000,2025-03-26 22:39:23.823380,https://www.youtube.com/watch?v=KKpmLUCTMYs,9:18,558,เรื่องผี
พรานใบ นั่งห้างป่าผีคลั่ง (หลอนโคตร) | หลอนไดอารี่ EP.268,การดู 2 ล้าน ครั้ง,2000000,2025-03-26 22:39:23.823384,https://www.youtube.com/watch?v=lPclapUc9wI,13:46,826,เรื่องเล่า
นนท์เดอะซีรีส์ ภาค 2 | EP.2 ตอน อาถรรพ์ป่า ฝ่าดงผี | หลอนไดอารี่,การดู 1.2 ล้าน ครั้ง,1200000,2025-03-26 22:39:23.823389,https://www.youtube.com/watch?v=5R1qCNTCZxs&pp=0gcJCesJAYcqIYzv,8:58,538,เรื่องผี
ผีเฝ้าคืนอยู่ไฟ (ผีตายโหงไล่ปอบ) | หลอนไดอารี่ EP.267,การดู 2.1 ล้าน ครั้ง,2100000,2025-03-26 22:39:23.823393,https://www.youtube.com/watch?v=tTRGBbhhlyI,12:46,766,เรื่องผี
นนท์เดอะซีรีส์ ภาค 2 | EP.1 ตอน อาถรรพ์ป่า ฝ่าดงผี | หลอนไดอารี่,การดู 1.8 ล้าน ครั้ง,1800000,2025-03-26 22:39:23.823397,https://www.youtube.com/watch?v=wq3QVpb97cU,10:20,620,เรื่องผี
หลวงพ่อลุน ปราบเสือสมิงสามตัว | หลอนไดอารี่ EP.266,การดู 1.6 ล้าน ครั้ง,1600000,2025-03-26 22:39:23.823401,https://www.youtube.com/watch?v=wJvAAIumc28,13:26,806,เรื่องผี
แก๊งเลดี้หนองหอยเทียม (5 ตอนจบ) | หลอนไดอารี่,การดู 1 ล้าน ครั้ง,1000000,2025-03-26 22:39:23.823405,https://www.youtube.com/watch?v=y3-0dZ5AQMU,49:42,2982,เรื่องเล่า
รวม 6 เรื่องสยองขวัญ หลอนจนนอนไม่หลับ | หลอนไดอารี่,การดู 1.5 ล้าน ครั้ง,1500000,2025-02-24 22:39:23.823409,https://www.youtube.com/watch?v=a0fWesj5_qU,1:10:52,4252,เรื่องเล่า
แก๊งเลดี้หนองหอยเทียม EP.5 (กะเทย ปะทะ กระสือ),การดู 7.6 แสน ครั้ง,760000,2025-02-24 22:39:23.823413,https://www.youtube.com/watch?v=Y5V6G2Pym5M,9:19,559,เรื่องผี
ขบวนรถไฟผี (คนเป็น หลงเข้าไปแดนคนตาย) | หลอนไดอารี่ EP.265,การดู 1.1 ล้าน ครั้ง,1100000,2025-02-24 22:39:23.823418,https://www.youtube.com/watch?v=ZEkbZOiUysM&pp=0gcJCesJAYcqIYzv,15:04,904,เรื่องเล่า
แก๊งเลดี้หนองหอยเทียม EP.4 (สายลับจับหมอผี),การดู 6.4 แสน ครั้ง,640000,2025-02-24 22:39:23.823422,https://www.youtube.com/watch?v=_nA2pnTFDiA,10:19,619,อื่น ๆ
ตุ๊กแกผี มนต์ดำเข้าตัว | หลอนไดอารี่ EP.264,การดู 1.1 ล้าน ครั้ง,1100000,2025-02-24 22:39:23.823426,https://www.youtube.com/watch?v=wNL2No34Z7o,11:18,678,เรื่องเล่า
เผยความลับ นนท์เดอะซีรีส์ | หลอนไดอารี่,การดู 6.9 แสน ครั้ง,690000,2025-02-24 22:39:23.823430,https://www.youtube.com/watch?v=DxTi3iXdjlU,5:13,313,นิยาย
ผิดสัจจะผีเป้า | หลอนไดอารี่ EP.263,การดู 1.1 ล้าน ครั้ง,1100000,2025-02-24 22:39:23.823434,https://www.youtube.com/watch?v=5waUYOwYC0o,12:54,774,เรื่องเล่า
รวม 4 เรื่องดังสุดหลอนจาก The Shock | หลอนไดอารี่,การดู 1.7 ล้าน ครั้ง,1700000,2025-02-24 22:39:23.823439,https://www.youtube.com/watch?v=69RobuKxEAM,50:44,3044,เรื่องเล่า
โสกผีกลางป่าลึก | หลอนไดอารี่ EP.262,การดู 1.2 ล้าน ครั้ง,1200000,2025-02-24 22:39:23.823443,https://www.youtube.com/watch?v=JtAOjujyd8c,11:08,668,เรื่องเล่า
แก๊งเลดี้หนองหอยเทียม EP.3 (ดักตบผีอีนาค),การดู 8.3 แสน ครั้ง,830000,2025-01-25 22:39:23.823447,https://www.youtube.com/watch?v=z1WDpotSSH4,11:41,701,อื่น ๆ
ปอบหัวหมา อสุรกายอวิชชา | หลอนไดอารี่ EP.261,การดู 1.2 ล้าน ครั้ง,1200000,2025-01-25 22:39:23.823451,https://www.youtube.com/watch?v=IJgSAn7LKs4,11:45,705,เรื่องเล่า
แก๊งเลดี้หนองหอยเทียม EP.2 (มงลงผี),การดู 1.2 ล้าน ครั้ง,1200000,2025-01-25 22:39:23.823456,https://www.youtube.com/watch?v=vOx5qO03CBg,12:05,725,อื่น ๆ
แม่ชีหัวขาด สถานปฏิบัติธรรมหลอน | หลอนไดอารี่ EP.260,การดู 1.6 ล้าน ครั้ง,1600000,2025-01-25 22:39:23.823460,https://www.youtube.com/watch?v=Ny9zkPyNYb0,14:01,841,เรื่องเล่า
แก๊งเลดี้หนองหอยเทียม EP.1 (จับปอบทำผัว),การดู 1 ล้าน ครั้ง,1000000,2025-01-25 22:39:23.823464,https://www.youtube.com/watch?v=nNFZBZYiM3o,11:23,683,อื่น ๆ
นนท์เดอะซีรีส์ (ภาค 1 เต็มเรื่อง) | หลอนไดอารี่,การดู 6.1 ล้าน ครั้ง,6100000,2025-01-25 22:39:23.823468,https://www.youtube.com/watch?v=iLdncOmZgp4,3:56:57,14217,ตำนาน / ประวัติศาสตร์
ตำนานเด็ด 7 เรื่อง 7 ความหลอน | หลอนไดอารี่,การดู 8.5 แสน ครั้ง,850000,2025-01-25 22:39:23.823473,https://www.youtube.com/watch?v=b6hkqbJ7clE,1:08:50,4130,ตำนาน / ประวัติศาสตร์
ป่าดงพงผี 8 เรื่องสยองจากป่าลึก | หลอนไดอารี่,การดู 3.4 ล้าน ครั้ง,3400000,2025-01-25 22:39:23.823477,https://www.youtube.com/watch?v=jGGMFaa0oZI,1:55:37,6937,เรื่องเล่า
ผีนางมะขิ่น แม่นาคประเทศพม่า | หลอนไดอารี่,การดู 9.1 แสน ครั้ง,910000,2025-01-25 22:39:23.823481,https://www.youtube.com/watch?v=XJHOzX-8-5A,9:44,584,เรื่องผี
กระหังยายทองดี คำสาปคุณไสย | หลอนไดอารี่ EP.259,การดู 1.6 ล้าน ครั้ง,1600000,2024-12-26 22:39:23.823485,https://www.youtube.com/watch?v=JGpRfiu1_XA,13:52,832,เรื่องเล่า
12 ประเพณีสุดแปลก แฝงไปด้วยความหลอน | หลอนไดอารี่,การดู 8.9 แสน ครั้ง,890000,2024-12-26 22:39:23.823490,https://www.youtube.com/watch?v=5rVt01XA8T0,1:16:29,4589,เรื่องเล่า
ปอบพระอุ้มหมา ชีอุ้มแมว | หลอนไดอารี่ EP.258,การดู 1.9 ล้าน ครั้ง,1900000,2024-12-26 22:39:23.823494,https://www.youtube.com/watch?v=T9NrA-u2rIQ,16:49,1009,เรื่องเล่า
8 กระสือ จาก 8 ประเทศ | หลอนไดอารี่,การดู 5.3 แสน ครั้ง,530000,2024-12-26 22:39:23.823498,https://www.youtube.com/watch?v=N3xe70qdVp0,12:50,770,เรื่องผี
ผีซิ่นเหี้ยน พ.ศ.2537 | หลอนไดอารี่ EP.257,การดู 1.1 ล้าน ครั้ง,1100000,2024-12-26 22:39:23.823503,https://www.youtube.com/watch?v=gbde_3R94Ds,13:16,796,เรื่องผี
ผีไพร 6 ชนิด ผีป่าลวงคน | หลอนไดอารี่,การดู 7.8 แสน ครั้ง,780000,2024-12-26 22:39:23.823507,https://www.youtube.com/watch?v=tABIcUN57zY,10:45,645,เรื่องผี
ไรเดอร์ ออเดอร์นี้ผีสั่ง | หลอนไดอารี่ EP.256,การดู 1.5 ล้าน ครั้ง,1500000,2024-12-26 22:39:23.823511,https://www.youtube.com/watch?v=YMdSwKVmPWg,13:10,790,เรื่องผี
10 อันดับ คดีดังสุดสะเทือนขวัญในไทย | หลอนไดอารี่,การดู 2.1 ล้าน ครั้ง,2100000,2024-12-26 22:39:23.823515,https://www.youtube.com/watch?v=uACLo7YmU-0,1:20:33,4833,เรื่องเล่า
รวมคลิปหลอนสยองขวัญ | หลอนไดอารี่,การดู 2.5 ล้าน ครั้ง,2500000,2024-12-26 22:39:23.823519,https://www.youtube.com/watch?v=S6dLVFh0-Ik,3:13:48,11628,เรื่องเล่า
พญาครุฑ เทพแห่งเวหา | หลอนไดอารี่,การดู 1.6 ล้าน ครั้ง,1600000,2024-11-26 22:39:23.823524,https://www.youtube.com/watch?v=we5rQ63xPh4,13:06,786,เรื่องผี
ผีพรายสยอง วันลอยกระทง | หลอนไดอารี่ EP.255,การดู 1.6 ล้าน ครั้ง,1600000,2024-11-26 22:39:23.823528,https://www.youtube.com/watch?v=lQ6Z4yciaW4,13:37,817,เรื่องผี
ผีแม่กาหลง วัดอัมพวัน จ.สิงห์บุรี | หลอนไดอารี่,การดู 1.2 ล้าน ครั้ง,1200000,2024-11-26 22:39:23.823532,https://www.youtube.com/watch?v=fwkKZORNLbk&pp=0gcJCesJAYcqIYzv,8:08,488,เรื่องผี
พระพุทธรูปกินคน | หลอนไดอารี่ EP.254,การดู 3.5 ล้าน ครั้ง,3500000,2024-11-26 22:39:23.823537,https://www.youtube.com/watch?v=Jt0cxsdw1IU,17:07,1027,เรื่องเล่า
10 อันดับ ผีต่างแดน สยองไม่แพ้ผีไทย | หลอนไดอารี่,การดู 7.5 แสน ครั้ง,750000,2024-11-26 22:39:23.823541,https://www.youtube.com/watch?v=hOO9jrg9snA,54:28,3268,เรื่องผี
ไอ้คล้าว ผีหัวขาด | หลอนไดอารี่ EP.253,การดู 1.8 ล้าน ครั้ง,1800000,2024-11-26 22:39:23.823545,https://www.youtube.com/watch?v=6HO0gPBAH-0,15:43,943,เรื่องผี
แจ็ค โอ'แลนเทิร์น ฟักทองหน้าผีวันฮาโลวีน | หลอนไดอารี่,การดู 5.7 แสน ครั้ง,570000,2024-11-26 22:39:23.823549,https://www.youtube.com/watch?v=27N6jsrbWYA,10:26,626,เรื่องเล่า
ผัวกระหัง เมียกระสือ | หลอนไดอารี่ EP.252,การดู 1.9 ล้าน ครั้ง,1900000,2024-11-26 22:39:23.823554,https://www.youtube.com/watch?v=SDFzY4rIC7U,15:23,923,เรื่องผี
ปลาไหลเผือก นาคถล่มเมือง | หลอนไดอารี่,การดู 7.4 แสน ครั้ง,740000,2024-11-26 22:39:23.823558,https://www.youtube.com/watch?v=Y9mD9ya6KDU,8:53,533,เรื่องเล่า
ดงผีเปรต กรงกรรมอสูรกาย | หลอนไดอารี่ EP.251,การดู 1.3 ล้าน ครั้ง,1300000,2024-10-27 22:39:23.823562,https://www.youtube.com/watch?v=6wd2qldS7To,12:25,745,เรื่องผี
9 ของขลังทรงฤทธิ์ แรงจนต้องแห่บูชา | หลอนไดอารี่,การดู 7 แสน ครั้ง,700000,2024-10-27 22:39:23.823566,https://www.youtube.com/watch?v=ZNSkuWE3ozA,56:31,3391,เรื่องเล่า
ไรเดอร์เจอผี | หลอนไดอารี่ EP.250,การดู 1.4 ล้าน ครั้ง,1400000,2024-10-27 22:39:23.823570,https://www.youtube.com/watch?v=RLexbwgOF5o,12:07,727,เรื่องเล่า
ลิงผีปอบ จังหวัดขอนแก่น | หลอนไดอารี่,การดู 9.6 แสน ครั้ง,960000,2024-10-27 22:39:23.823575,https://www.youtube.com/watch?v=8v1JF0z70mc,8:14,494,ตำนาน / ประวัติศาสตร์
เจ๊สงคราม ปราบผีแม่หม้าย | หลอนไดอารี่ EP.249,การดู 2 ล้าน ครั้ง,2000000,2024-10-27 22:39:23.823579,https://www.youtube.com/watch?v=_5AJNemWkL4,15:54,954,เรื่องเล่า
หุ่นพยนต์ ของขลังฝังอาคม | หลอนไดอารี่,การดู 7 แสน ครั้ง,700000,2024-10-27 22:39:23.823583,https://www.youtube.com/watch?v=lNVxoXQdrbw,9:11,551,เรื่องเล่า
อาถรรพ์ผีครูโนราห์ | หลอนไดอารี่ EP.248,การดู 2.8 ล้าน ครั้ง,2800000,2024-10-27 22:39:23.823587,https://www.youtube.com/watch?v=aRnI_QX15yo,14:45,885,เรื่องผี
13 สถานที่สุดเฮี้ยน และอาถรรพ์ จากหลอนไดอารี่ | หลอนไดอารี่,การดู 7.2 แสน ครั้ง,720000,2024-10-27 22:39:23.823591,https://www.youtube.com/watch?v=7lM2OwuZMm0,1:27:52,5272,เรื่องผี
ปอบกินร่าง | หลอนไดอารี่ EP.247,การดู 2.2 ล้าน ครั้ง,2200000,2024-09-22 22:39:23.823596,https://www.youtube.com/watch?v=GWEEsXEFJDk,14:44,884,เรื่องเล่า
หลวงปู่มั่น โปรดผีปรโลก | หลอนไดอารี่,การดู 8.2 แสน ครั้ง,819999,2024-09-22 22:39:23.823600,https://www.youtube.com/watch?v=8cPgJG497tQ,9:27,567,เรื่องเล่า
ศพผีลูกคน | หลอนไดอารี่ EP.246,การดู 1.3 ล้าน ครั้ง,1300000,2024-09-22 22:39:23.823605,https://www.youtube.com/watch?v=eDtFG2GMtf4,12:22,742,เรื่องเล่า
พระนางเลือดขาว แห่งเกาะต้องสาป | หลอนไดอารี่,การดู 7 แสน ครั้ง,700000,2024-09-22 22:39:23.823609,https://www.youtube.com/watch?v=iuikqp2_4Ws,9:09,549,เรื่องเล่า
รถเมล์ผี เที่ยวสุดท้าย | หลอนไดอารี่ EP.245,การดู 1.4 ล้าน ครั้ง,1400000,2024-09-22 22:39:23.823614,https://www.youtube.com/watch?v=6tVgHPgv3I4,14:10,850,เรื่องเล่า
ตะลุยเบื้องหลัง นนท์เดอะซีรีส์ตอนพิเศษ | หลอนไดอารี่,การดู 1.4 ล้าน ครั้ง,1400000,2024-09-22 22:39:23.823618,https://www.youtube.com/watch?v=2jkU4ALu47U,5:54,354,นิยาย
รวมคลิป นนท์เดอะซีรีส์ ตอน ห่าก้อม โคตรปอบมนต์ดำ | หลอนไดอารี่,การดู 1.7 ล้าน ครั้ง,1700000,2024-09-22 22:39:23.823622,https://www.youtube.com/watch?v=sr7KrQkLSzk,55:49,3349,นิยาย
โรงงานตุ๊กตาผี | หลอนไดอารี่ EP.244,การดู 1.2 ล้าน ครั้ง,1200000,2024-09-22 22:39:23.823626,https://www.youtube.com/watch?v=39Cf-yKfT04,13:01,781,เรื่องเล่า
นนท์ผจญมาร - นนท์เดอะซีรีส์  [Music Video],การดู 9.1 แสน ครั้ง,910000,2024-09-22 22:39:23.823630,https://www.youtube.com/watch?v=SXRimhHsMks,2:35,155,นิยาย
นนท์เดอะซีรีส์ EP.25 ตอน ห่าก้อม โคตรปอบมนต์ดำ (ตอนจบ) | หลอนไดอารี่,การดู 2.2 ล้าน ครั้ง,2200000,2024-09-22 22:39:23.823634,https://www.youtube.com/watch?v=Rheuj8ZIOKw,15:51,951,นิยาย
สางป่า ลวงหลอนทหารพราน | หลอนไดอารี่ EP.243,การดู 1.1 ล้าน ครั้ง,1100000,2024-09-22 22:39:23.823647,https://www.youtube.com/watch?v=ANU8OuyM5Qc,14:44,884,เรื่องเล่า
นนท์เดอะซีรีส์ EP.24 ตอน ห่าก้อม โคตรปอบมนต์ดำ | หลอนไดอารี่,การดู 2.1 ล้าน ครั้ง,2100000,2024-09-22 22:39:23.823652,https://www.youtube.com/watch?v=IrxRr0JQdcY,11:33,693,นิยาย
รวมคลิปหลอนดูกันยาว ๆ | หลอนไดอารี่,การดู 4.4 ล้าน ครั้ง,4400000,2024-09-22 22:39:23.823656,https://www.youtube.com/watch?v=D0_sTXoL8Uw,3:28:51,12531,เรื่องเล่า
เจอผี คืนยิงปลา | หลอนไดอารี่ EP.242,การดู 1.7 ล้าน ครั้ง,1700000,2024-09-22 22:39:23.823660,https://www.youtube.com/watch?v=sXUlnXRfhW4,12:19,739,เรื่องเล่า
นนท์เดอะซีรีส์ EP.23 ตอน ห่าก้อม โคตรปอบมนต์ดำ | หลอนไดอารี่,การดู 1.6 ล้าน ครั้ง,1600000,2024-09-22 22:39:23.823664,https://www.youtube.com/watch?v=MY9UT-Y11V0&pp=0gcJCesJAYcqIYzv,11:33,693,นิยาย
พระใหม่ กรรมฐานกลางป่าช้า | หลอนไดอารี่ EP.241,การดู 1.7 ล้าน ครั้ง,1700000,2024-09-22 22:39:23.823668,https://www.youtube.com/watch?v=Se7pfZsQ2iU,15:20,920,เรื่องเล่า
นนท์เดอะซีรีส์ EP.22 ตอน ห่าก้อม โคตรปอบมนต์ดำ | หลอนไดอารี่,การดู 1.6 ล้าน ครั้ง,1600000,2024-09-22 22:39:23.823672,https://www.youtube.com/watch?v=JBmhU_WidLg,11:32,692,นิยาย
ผีเฝ้ากองฟอน โคกป่าช้าทางลัดหลอน | หลอนไดอารี่ EP.240,การดู 1.4 ล้าน ครั้ง,1400000,2024-09-22 22:39:23.823676,https://www.youtube.com/watch?v=8i2_bCACWkg,13:37,817,เรื่องผี
นนท์เดอะซีรีส์ EP.21 ตอน ห่าก้อม โคตรปอบมนต์ดำ | หลอนไดอารี่,การดู 1.6 ล้าน ครั้ง,1600000,2024-09-22 22:39:23.823680,https://www.youtube.com/watch?v=YectkYmzCgs,11:33,693,นิยาย
รวมคลิป นนท์เดอะซีรีส์ ตอน ล่าเหล็กไหล ภูเขาควาย | หลอนไดอารี่,การดู 1.7 ล้าน ครั้ง,1700000,2024-09-22 22:39:23.823684,https://www.youtube.com/watch?v=0yF9vIDHkCA,39:10,2350,นิยาย
คืนโหยหวน วิญญาณผีห่า | หลอนไดอารี่ EP.239,การดู 1.9 ล้าน ครั้ง,1900000,2024-09-22 22:39:23.823688,https://www.youtube.com/watch?v=O40lVXeG4g8,15:22,922,เรื่องเล่า
นนท์ชนะมาร - นนท์เดอะซีรีส์  [Music Video],การดู 1.2 ล้าน ครั้ง,1200000,2024-09-22 22:39:23.823692,https://www.youtube.com/watch?v=K23vJ48VqtY,2:50,170,นิยาย
นนท์เดอะซีรีส์ EP.20 ตอน ล่าเหล็กไหล ภูเขาควาย | หลอนไดอารี่,การดู 1.6 ล้าน ครั้ง,1600000,2024-09-22 22:39:23.823697,https://www.youtube.com/watch?v=ZoP8VbhIyls,15:08,908,นิยาย
กำนันเลี้ยงผี บารมีเลือด | หลอนไดอารี่ EP.238,การดู 2.1 ล้าน ครั้ง,2100000,2024-09-22 22:39:23.823701,https://www.youtube.com/watch?v=7uI_5VBeeGM,14:19,859,เรื่องเล่า
นนท์เดอะซีรีส์ EP.19 ตอน ล่าเหล็กไหล ภูเขาควาย | หลอนไดอารี่,การดู 1.5 ล้าน ครั้ง,1500000,2024-09-22 22:39:23.823705,https://www.youtube.com/watch?v=59oPnfWNjeQ&pp=0gcJCesJAYcqIYzv,10:18,618,นิยาย
ผีครึ่งท่อน หลอนทวงแค้น | หลอนไดอารี่ EP.237,การดู 2.3 ล้าน ครั้ง,2300000,2024-09-22 22:39:23.823709,https://www.youtube.com/watch?v=YyTOxX_8O7A,14:16,856,เรื่องผี
นนท์เดอะซีรีส์ EP.18 ตอน ล่าเหล็กไหล ภูเขาควาย | หลอนไดอารี่,การดู 1.5 ล้าน ครั้ง,1500000,2024-09-22 22:39:23.823713,https://www.youtube.com/watch?v=I5cRApXfQaE,10:44,644,นิยาย
กระสือแม่ลูกอ่อน | หลอนไดอารี่ EP.236,การดู 1.9 ล้าน ครั้ง,1900000,2024-09-22 22:39:23.823717,https://www.youtube.com/watch?v=6UqvEN5yutw,14:53,893,เรื่องผี
นนท์เดอะซีรีส์ EP.17 ตอน ล่าเหล็กไหล ภูเขาควาย | หลอนไดอารี่,การดู 1.6 ล้าน ครั้ง,1600000,2024-09-22 22:39:23.823721,https://www.youtube.com/watch?v=09Z6TiC1EhE,9:26,566,นิยาย
รวมคลิป นนท์เดอะซีรีส์ ตอน ครุฑสยบนาคา | หลอนไดอารี่,การดู 2.1 ล้าน ครั้ง,2100000,2024-09-22 22:39:23.823725,https://www.youtube.com/watch?v=Ik1FMPiBxGI,40:29,2429,นิยาย
หลวงปู่คูณ ธุดงค์ป่าลาว ปราบภูตผี | หลอนไดอารี่ EP.235,การดู 2.1 ล้าน ครั้ง,2100000,2024-09-22 22:39:23.823729,https://www.youtube.com/watch?v=18cspY4XIBg,12:32,752,เรื่องเล่า
นนท์เดอะซีรีส์ EP.16 ตอน ครุฑสยบนาคา | หลอนไดอารี่,การดู 1.8 ล้าน ครั้ง,1800000,2024-09-22 22:39:23.823733,https://www.youtube.com/watch?v=LtyuEeZNGK8,11:33,693,นิยาย
ยายสมิงดำ | หลอนไดอารี่ EP.234,การดู 2 ล้าน ครั้ง,2000000,2024-09-22 22:39:23.823737,https://www.youtube.com/watch?v=8VnuZ3hUPMM,16:15,975,เรื่องผี
นนท์เดอะซีรีส์ EP.15 ตอน ครุฑสยบนาคา | หลอนไดอารี่,การดู 1.8 ล้าน ครั้ง,1800000,2024-09-22 22:39:23.823741,https://www.youtube.com/watch?v=EKtIgEgdoYI,10:36,636,นิยาย
คืนหลอน นอนกับศพ | หลอนไดอารี่ EP.233,การดู 1.4 ล้าน ครั้ง,1400000,2024-09-22 22:39:23.823745,https://www.youtube.com/watch?v=Y2_FOp3frRQ,14:07,847,เรื่องเล่า
นนท์เดอะซีรีส์ EP.14 ตอน ครุฑสยบนาคา | หลอนไดอารี่,การดู 1.5 ล้าน ครั้ง,1500000,2024-09-22 22:39:23.823750,https://www.youtube.com/watch?v=5LiAv9fIhSY,10:54,654,นิยาย
เจอดีรถข้างบ้าน | หลอนไดอารี่ EP.232,การดู 1.3 ล้าน ครั้ง,1300000,2024-09-22 22:39:23.823754,https://www.youtube.com/watch?v=BzI88q5yXoM,11:16,676,เรื่องเล่า
นนท์เดอะซีรีส์ EP.13 ตอน ครุฑสยบนาคา | หลอนไดอารี่,การดู 1.5 ล้าน ครั้ง,1500000,2024-09-22 22:39:23.823758,https://www.youtube.com/watch?v=85Tgd99N05s,12:21,741,นิยาย
รวมคลิป นนท์เดอะซีรีส์ ตอน อารามสงฆ์ซ่อนสมิง | หลอนไดอารี่,การดู 2.2 ล้าน ครั้ง,2200000,2024-09-22 22:39:23.823762,https://www.youtube.com/watch?v=zg4BehR4Y_E,38:11,2291,เรื่องผี
นักมวยอวิชา ตระกุดผีตายโหง | หลอนไดอารี่ EP.231,การดู 3.1 ล้าน ครั้ง,3100000,2024-09-22 22:39:23.823766,https://www.youtube.com/watch?v=9eUIb5UBlM0,15:57,957,เรื่องเล่า
นนท์เดอะซีรีส์ EP.12 ตอน อารามสงฆ์ซ่อนสมิง | หลอนไดอารี่,การดู 1.4 ล้าน ครั้ง,1400000,2024-09-22 22:39:23.823770,https://www.youtube.com/watch?v=fvyk2eHNYT0,11:44,704,เรื่องผี
ทหารพราน ผจญผีป่านรก | หลอนไดอารี่ EP.230,การดู 1.8 ล้าน ครั้ง,1800000,2024-09-22 22:39:23.823774,https://www.youtube.com/watch?v=zQHYDevLr-Y,20:40,1240,เรื่องเล่า
นนท์เดอะซีรีส์ EP.11 ตอน อารามสงฆ์ซ่อนสมิง | หลอนไดอารี่,การดู 1.4 ล้าน ครั้ง,1400000,2024-09-22 22:39:23.823778,https://www.youtube.com/watch?v=QiytppP9p6k,11:08,668,เรื่องผี
ผีลากโลง | หลอนไดอารี่ EP.229,การดู 2.1 ล้าน ครั้ง,2100000,2024-09-22 22:39:23.823782,https://www.youtube.com/watch?v=oE_KYY8tUas,14:31,871,เรื่องผี
นนท์เดอะซีรีส์ EP.10 ตอน อารามสงฆ์ซ่อนสมิง | หลอนไดอารี่,การดู 1.4 ล้าน ครั้ง,1400000,2024-09-22 22:39:23.823787,https://www.youtube.com/watch?v=6tbEiBOgm20,10:15,615,เรื่องผี
ปอบข้ามโขง | หลอนไดอารี่ EP.228,การดู 2.3 ล้าน ครั้ง,2300000,2024-09-22 22:39:23.823791,https://www.youtube.com/watch?v=4uN4TLlEyAE,13:54,834,เรื่องเล่า
นนท์เดอะซีรีส์ EP.9 ตอน อารามสงฆ์ซ่อนสมิง | หลอนไดอารี่,การดู 1.3 ล้าน ครั้ง,1300000,2024-09-22 22:39:23.823795,https://www.youtube.com/watch?v=QVDc0H6Hr4Q,9:52,592,เรื่องผี
น้ำมันเสือสมิง | หลอนไดอารี่ EP.227,การดู 1.6 ล้าน ครั้ง,1600000,2024-09-22 22:39:23.823799,https://www.youtube.com/watch?v=iGvf7Ma_DxQ,13:44,824,เรื่องผี
รวมคลิป นนท์เดอะซีรีส์ ตอน มิตรภาพและการฝึกฝน | หลอนไดอารี่,การดู 1.5 ล้าน ครั้ง,1500000,2024-09-22 22:39:23.823803,https://www.youtube.com/watch?v=zXFIQS8jj0w,38:53,2333,นิยาย
นนท์เดอะซีรีส์ EP.8 ตอน มิตรภาพและการฝึกฝน | หลอนไดอารี่,การดู 1.3 ล้าน ครั้ง,1300000,2024-09-22 22:39:23.823807,https://www.youtube.com/watch?v=K0bJC3N2LLo,12:39,759,นิยาย
ผีเฮี้ยน ตายทั้งกลม | หลอนไดอารี่ EP.226,การดู 3 ล้าน ครั้ง,3000000,2024-09-22 22:39:23.823811,https://www.youtube.com/watch?v=W8zQkYAKYFs,16:18,978,เรื่องผี
นนท์เดอะซีรีส์ EP.7 ตอน มิตรภาพและการฝึกฝน | หลอนไดอารี่,การดู 1.4 ล้าน ครั้ง,1400000,2024-09-22 22:39:23.823815,https://www.youtube.com/watch?v=dDfGZCNBz8I,10:50,650,นิยาย
พระธุดงค์ ผจญปอบลิ้นดำ | หลอนไดอารี่ EP.225,การดู 3.4 ล้าน ครั้ง,3400000,2024-09-22 22:39:23.823819,https://www.youtube.com/watch?v=4DlGqHyjUMw&pp=0gcJCesJAYcqIYzv,14:42,882,เรื่องเล่า
นนท์เดอะซีรีส์ EP.6 ตอน มิตรภาพและการฝึกฝน | หลอนไดอารี่,การดู 1.2 ล้าน ครั้ง,1200000,2024-09-22 22:39:23.823824,https://www.youtube.com/watch?v=NslMELO7fwY,9:41,581,นิยาย
รวมคลิปหลอน วันสงกรานต์ 2024 | หลอนไดอารี่,การดู 3.6 ล้าน ครั้ง,3600000,2024-09-22 22:39:23.823828,https://www.youtube.com/watch?v=yL8bV0QT3G4,2:09:32,7772,เรื่องเล่า
นนท์เดอะซีรีส์ EP.5 ตอน มิตรภาพและการฝึกฝน | หลอนไดอารี่,การดู 1.4 ล้าน ครั้ง,1400000,2024-09-22 22:39:23.823832,https://www.youtube.com/watch?v=9IGLiuPu0Go,10:32,632,นิยาย
พรานสม บุกป่าล่าสมิง | หลอนไดอารี่ EP.224,การดู 2.1 ล้าน ครั้ง,2100000,2024-09-22 22:39:23.823836,https://www.youtube.com/watch?v=pqOkXw_uAvs,18:02,1082,เรื่องผี
รวมคลิป นนท์เดอะซีรีส์ ตอน ศาลาพักข้างสุสาน | หลอนไดอารี่,การดู 2.7 ล้าน ครั้ง,2700000,2024-09-22 22:39:23.823840,https://www.youtube.com/watch?v=fWppQ7iVMNU,36:18,2178,นิยาย
ผีม้าบ้อง คืนแอ่วสาว | หลอนไดอารี่ EP.223,การดู 1.9 ล้าน ครั้ง,1900000,2024-09-22 22:39:23.823844,https://www.youtube.com/watch?v=bGg0VOL0vQE,13:38,818,เรื่องผี
นนท์เดอะซีรีส์ EP.4 ตอน ศาลาพักข้างสุสาน | หลอนไดอารี่,การดู 1.4 ล้าน ครั้ง,1400000,2024-09-22 22:39:23.823848,https://www.youtube.com/watch?v=UR9ErNG9334,10:10,610,นิยาย
ล่าสมบัติ ผีกองกอย | หลอนไดอารี่ EP.222,การดู 1.9 ล้าน ครั้ง,1900000,2024-09-22 22:39:23.823852,https://www.youtube.com/watch?v=IL8CgYSMmwY&pp=0gcJCesJAYcqIYzv,15:13,913,เรื่องผี
นนท์เดอะซีรีส์ EP.3 ตอน ศาลาพักข้างสุสาน | หลอนไดอารี่,การดู 1.4 ล้าน ครั้ง,1400000,2024-09-22 22:39:23.823856,https://www.youtube.com/watch?v=B1ObbU-faWE,10:24,624,นิยาย
หมอผีหัวไก่ เดรัจฉานวิชา | หลอนไดอารี่ EP.221,การดู 2.7 ล้าน ครั้ง,2700000,2024-09-22 22:39:23.823860,https://www.youtube.com/watch?v=D7R0CCeCOS8,14:15,855,เรื่องเล่า
นนท์เดอะซีรีส์ EP.2 ตอน ศาลาพักข้างสุสาน | หลอนไดอารี่,การดู 1.7 ล้าน ครั้ง,1700000,2024-09-22 22:39:23.823864,https://www.youtube.com/watch?v=gbRKbiVDaEY,9:54,594,นิยาย
อีแก้ว ทายาทกระสือ | หลอนไดอารี่ EP.220,การดู 2.2 ล้าน ครั้ง,2200000,2024-09-22 22:39:23.823869,https://www.youtube.com/watch?v=Z6MOZOSJjAU,16:27,987,เรื่องผี
นนท์เดอะซีรีส์ EP.1 ตอน ศาลาพักข้างสุสาน | หลอนไดอารี่,การดู 2.5 ล้าน ครั้ง,2500000,2024-09-22 22:39:23.823873,https://www.youtube.com/watch?v=QBpseyj-ac4,9:42,582,นิยาย
เปรตปากเน่า อสุรกายบาปหนัก | หลอนไดอารี่ EP.219,การดู 1.5 ล้าน ครั้ง,1500000,2024-09-22 22:39:23.823877,https://www.youtube.com/watch?v=4qMLKbY9VeI,12:40,760,เรื่องผี
10 อันดับ ตำนานดัง จากหลอนไดอารี่ | หลอนไดอารี่,การดู 3.2 ล้าน ครั้ง,3200000,2024-09-22 22:39:23.823881,https://www.youtube.com/watch?v=KbkqcMSvGSc,1:05:47,3947,ตำนาน / ประวัติศาสตร์
นายฮ้อยเคน ฝ่าโสกผีโป่งค่าง | หลอนไดอารี่ EP.218,การดู 1.6 ล้าน ครั้ง,1600000,2024-09-22 22:39:23.823885,https://www.youtube.com/watch?v=V42i5uChPnc,13:54,834,เรื่องเล่า
มหานรก 8 ขุม โลกันตนรก | หลอนไดอารี่,การดู 1.3 ล้าน ครั้ง,1300000,2024-09-22 22:39:23.823889,https://www.youtube.com/watch?v=91Q4I6NbGQI,9:41,581,เรื่องเล่า
นางตะเคียน เอาผัวคน | หลอนไดอารี่ EP.217,การดู 1.6 ล้าน ครั้ง,1600000,2024-09-22 22:39:23.823893,https://www.youtube.com/watch?v=exiErqpGbHs,13:06,786,เรื่องเล่า
12 อันดับ ผีไทยสุดหลอน จากหลอนไดอารี่ | หลอนไดอารี่,การดู 2.5 ล้าน ครั้ง,2500000,2024-09-22 22:39:23.823897,https://www.youtube.com/watch?v=72gkcseN4mo,54:00,3240,เรื่องผี
ผีปอบออกธุดงค์ | หลอนไดอารี่ EP.216,การดู 4.2 ล้าน ครั้ง,4200000,2024-09-22 22:39:23.823902,https://www.youtube.com/watch?v=ovnnZTiNAaQ,15:03,903,เรื่องผี
ขุนพันธ์ มือปราบจอมขมังเวทย์ | หลอนไดอารี่,การดู 1.2 ล้าน ครั้ง,1200000,2024-09-22 22:39:23.823905,https://www.youtube.com/watch?v=8jTpwaWqFIU,10:07,607,เรื่องเล่า
ผีโพง ที่ดงกล้วยยายณี | หลอนไดอารี่ EP.215,การดู 1.5 ล้าน ครั้ง,1500000,2024-09-22 22:39:23.823910,https://www.youtube.com/watch?v=v6tdkCWQZks,13:38,818,เรื่องผี
ห่าก้อม โคตรปอบ | หลอนไดอารี่,การดู 9.7 แสน ครั้ง,969999,2024-09-22 22:39:23.823914,https://www.youtube.com/watch?v=Mym_kWoxR-E,8:39,519,เรื่องเล่า
นนท์ ปะทะ กระหังภูผา | หลอนไดอารี่ EP.214,การดู 5.8 ล้าน ครั้ง,5800000,2024-09-22 22:39:23.823918,https://www.youtube.com/watch?v=ROGlepXcQdo&pp=0gcJCesJAYcqIYzv,19:03,1143,เรื่องเล่า
ประเพณี แต่งงานผี | หลอนไดอารี่,การดู 7.5 แสน ครั้ง,750000,2024-09-22 22:39:23.823922,https://www.youtube.com/watch?v=6emrHUNb9uU,9:20,560,เรื่องเล่า
ล่าผีปอบ ที่นาตาพร | หลอนไดอารี่ EP.213,การดู 2.2 ล้าน ครั้ง,2200000,2024-09-22 22:39:23.823926,https://www.youtube.com/watch?v=wAtG7gUPpME,14:10,850,เรื่องเล่า
อาถรรพ์ถ้ำหลวง ขุนน้ำนางนอน | หลอนไดอารี่,การดู 1.4 ล้าน ครั้ง,1400000,2024-09-22 22:39:23.823930,https://www.youtube.com/watch?v=ETlv9DvSBLw,9:30,570,เรื่องผี
คืนหลอน นอนเถียงนา | หลอนไดอารี่ EP.212,การดู 1.1 ล้าน ครั้ง,1100000,2024-09-22 22:39:23.823934,https://www.youtube.com/watch?v=b18NRzDavGU,11:52,712,เรื่องเล่า
ผีแบกโลง มะแพวา | หลอนไดอารี่,การดู 1.7 ล้าน ครั้ง,1700000,2024-09-22 22:39:23.823938,https://www.youtube.com/watch?v=R97ByiuJoZc&pp=0gcJCesJAYcqIYzv,9:36,576,เรื่องผี
ผีผจญเพลิง | หลอนไดอารี่ EP.211,การดู 1.3 ล้าน ครั้ง,1300000,2024-09-22 22:39:23.823942,https://www.youtube.com/watch?v=3i8C_m7sXEg,14:39,879,เรื่องผี
หุ่นปั้นผีตายโหง วัดท่าลาดใต้ | หลอนไดอารี่,การดู 1 ล้าน ครั้ง,1000000,2024-09-22 22:39:23.823946,https://www.youtube.com/watch?v=wJf7V78IPr4,8:35,515,เรื่องเล่า
รวมคลิปหลอนส่งท้ายปี | หลอนไดอารี่,การดู 2 ล้าน ครั้ง,2000000,2024-09-22 22:39:23.823950,https://www.youtube.com/watch?v=JTFJw1-Qevg,4:05:13,14713,เรื่องเล่า
ศุกร์ 13 วันต้องสาป | หลอนไดอารี่,การดู 8 แสน ครั้ง,800000,2024-09-22 22:39:23.823955,https://www.youtube.com/watch?v=-T9aeX-8XWQ,9:00,540,เรื่องเล่า
ผีพยาบาล วอร์ดสยองขวัญ | หลอนไดอารี่ EP.210,การดู 1.5 ล้าน ครั้ง,1500000,2024-09-22 22:39:23.823959,https://www.youtube.com/watch?v=Ov-_4ZF37nA,16:26,986,เรื่องผี
อาถรรพ์ผีเฝ้ากรุสมบัติ | หลอนไดอารี่,การดู 6.9 แสน ครั้ง,690000,2024-09-22 22:39:23.823963,https://www.youtube.com/watch?v=Xj7OPJgfg_U,9:36,576,เรื่องผี
หมอผีโดนของ | หลอนไดอารี่ EP.209,การดู 4.1 ล้าน ครั้ง,4099999,2024-09-22 22:39:23.823967,https://www.youtube.com/watch?v=Ioe0Jmq5DVs,16:46,1006,เรื่องเล่า
วิชาคงกระพันชาตรี อาคมหนังเหนียวฟันแทงไม่เข้า | หลอนไดอารี่,การดู 1.9 ล้าน ครั้ง,1900000,2024-09-22 22:39:23.823971,https://www.youtube.com/watch?v=A45WfRUb1ws,9:30,570,เรื่องเล่า
Shadow เงา ล่า ตาย Part2 | หลอนไดอารี่ x Viu,การดู 3.8 แสน ครั้ง,380000,2024-09-22 22:39:23.823975,https://www.youtube.com/watch?v=-EF01IcWU6E,15:09,909,เรื่องเล่า
เซ่นผี ปู่แสะย่าแสะ | หลอนไดอารี่,การดู 1 ล้าน ครั้ง,1000000,2024-09-22 22:39:23.823979,https://www.youtube.com/watch?v=RJmL9fzzceI,8:52,532,เรื่องเล่า
โรงเรียนหลอน ห้องพยาบาลผีดุ | หลอนไดอารี่ EP.208,การดู 1.4 ล้าน ครั้ง,1400000,2024-09-22 22:39:23.823984,https://www.youtube.com/watch?v=N5qsR1PAcYM,13:29,809,เรื่องเล่า
งานศพโบราณ ของชาวอีสาน | หลอนไดอารี่,การดู 9.3 แสน ครั้ง,930000,2024-09-22 22:39:23.823988,https://www.youtube.com/watch?v=MY-zODW0izk,8:42,522,ตำนาน / ประวัติศาสตร์
โรงเย็บผ้าเลี้ยงผี | หลอนไดอารี่ EP.207,การดู 2.1 ล้าน ครั้ง,2100000,2024-09-22 22:39:23.823992,https://www.youtube.com/watch?v=vweNbj1aeKc,15:07,907,เรื่องเล่า
เปรตรูปงาม ปากเหม็นเน่า | หลอนไดอารี่,การดู 1.1 ล้าน ครั้ง,1100000,2024-09-22 22:39:23.823996,https://www.youtube.com/watch?v=DS5PJQ2KRmw,9:36,576,เรื่องผี
เสื้อวัดเฮี้ยน ศาลาหลอนซ่อนผี | หลอนไดอารี่ EP.206,การดู 2.7 ล้าน ครั้ง,2700000,2024-09-22 22:39:23.824000,https://www.youtube.com/watch?v=r_KOOd7pbhQ,15:34,934,เรื่องเล่า
น้ำเมายายเมิ่ง น้ำลืมชาติ | หลอนไดอารี่,การดู 9.5 แสน ครั้ง,950000,2024-09-22 22:39:23.824004,https://www.youtube.com/watch?v=EYmC8bkg93Y,9:13,553,เรื่องเล่า
พรานสม ผจญผีป่าเขมร | หลอนไดอารี่ EP.205,การดู 3.8 ล้าน ครั้ง,3800000,2024-09-22 22:39:23.824008,https://www.youtube.com/watch?v=29FZngO1Io0,16:00,960,เรื่องเล่า
ธูปยักษ์มรณะ ถล่มทับคนตาย | หลอนไดอารี่,การดู 6.8 แสน ครั้ง,680000,2024-09-22 22:39:23.824012,https://www.youtube.com/watch?v=xktwaEsrk2k,9:30,570,เรื่องเล่า
หุ่นผีต้องสาป สมบัติข้าใครอย่าแตะ | หลอนไดอารี่ EP.204,การดู 2 ล้าน ครั้ง,2000000,2024-09-22 22:39:23.824017,https://www.youtube.com/watch?v=v0VTJWmjR98,16:46,1006,เรื่องเล่า
มรดกผี นอนเฝ้าศพ 70 กว่าปี | หลอนไดอารี่,การดู 9.8 แสน ครั้ง,980000,2024-09-22 22:39:23.824021,https://www.youtube.com/watch?v=e1bAaYFWWVg,9:33,573,เรื่องเล่า
หมอใหม่เจอผี หมู่บ้านชนบท | หลอนไดอารี่ EP.203,การดู 1.3 ล้าน ครั้ง,1300000,2024-09-22 22:39:23.824025,https://www.youtube.com/watch?v=qBLqnUiStjw,15:57,957,เรื่องเล่า
บั้งไฟพญานาค บั้งไฟผี ลุ่มน้ำโขง | หลอนไดอารี่,การดู 8.4 แสน ครั้ง,840000,2024-09-22 22:39:23.824029,https://www.youtube.com/watch?v=T4diImAdhVc,9:43,583,เรื่องผี
คืนปล่อยผี หนีนรกมาเกิด | หลอนไดอารี่ EP.202,การดู 3.8 ล้าน ครั้ง,3800000,2024-09-22 22:39:23.824033,https://www.youtube.com/watch?v=V2mk4MOCwKU,13:27,807,เรื่องเล่า
ผีเปรตอาจารย์กู้ คำชะโนด | หลอนไดอารี่,การดู 9.9 แสน ครั้ง,990000,2024-09-22 22:39:23.824038,https://www.youtube.com/watch?v=0M55cXnB9pg,9:56,596,เรื่องผี
ตาม้วน เกวียนผีหัวขาด | หลอนไดอารี่ EP.201,การดู 2.9 ล้าน ครั้ง,2900000,2024-09-22 22:39:23.824045,https://www.youtube.com/watch?v=1q5Gk0tCsIE,17:24,1044,เรื่องเล่า
ผีย่าหม้อนึ่ง พิธีกรรมโบราณล้านนา | หลอนไดอารี่,การดู 1.1 ล้าน ครั้ง,1100000,2024-09-22 22:39:23.824049,https://www.youtube.com/watch?v=pl6NImqKuH4,8:33,513,เรื่องผี
ปอบยายแหล่ หนีผีกินตับ | หลอนไดอารี่ EP.200,การดู 4.3 ล้าน ครั้ง,4300000,2024-09-22 22:39:23.824054,https://www.youtube.com/watch?v=RpZDWdo549I,16:45,1005,เรื่องผี
หลวงพ่อคูณ ผจญผีเฝ้าสมบัติ ภูเขาควาย | หลอนไดอารี่,การดู 2 ล้าน ครั้ง,2000000,2024-09-22 22:39:23.824058,https://www.youtube.com/watch?v=_6JrsMqapbo,9:36,576,เรื่องเล่า
คืนหลอน ผีกลับบ้าน | หลอนไดอารี่ EP.199,การดู 2.2 ล้าน ครั้ง,2200000,2024-09-22 22:39:23.824062,https://www.youtube.com/watch?v=XLpN4_a69Tc,14:14,854,เรื่องผี
หมู่บ้านผีกลางป่า ภูบาเจียง สปป.ลาว | หลอนไดอารี่,การดู 1.7 ล้าน ครั้ง,1700000,2024-09-22 22:39:23.824066,https://www.youtube.com/watch?v=GTYfaTibBJk,8:24,504,เรื่องเล่า
ภูติแฝดลำน้ำโขง | หลอนไดอารี่ EP.198,การดู 3.3 ล้าน ครั้ง,3300000,2024-09-22 22:39:23.824070,https://www.youtube.com/watch?v=OFpcP8XRoZE,18:55,1135,เรื่องเล่า
เทศกาลสารทจีน วันเปิดประตูนรก | หลอนไดอารี่,การดู 8.1 แสน ครั้ง,810000,2023-09-23 22:39:23.824074,https://www.youtube.com/watch?v=EcwB5TQGAgE,9:21,561,เรื่องเล่า
หมู่บ้านใต้น้ำ โรงเรียนที่สาปสูญ | หลอนไดอารี่ EP.197,การดู 5.7 ล้าน ครั้ง,5700000,2023-09-23 22:39:23.824078,https://www.youtube.com/watch?v=qu6YrhDIEpY,18:57,1137,เรื่องเล่า
ผีเสื้อแดง แห่งคุกกองปราบ | หลอนไดอารี่,การดู 1.1 ล้าน ครั้ง,1100000,2023-09-23 22:39:23.824082,https://www.youtube.com/watch?v=vo4KH5J5Odk,9:02,542,เรื่องผี
ทางผ่าน ผีตายโหง | หลอนไดอารี่ EP.196,การดู 2.9 ล้าน ครั้ง,2900000,2023-09-23 22:39:23.824086,https://www.youtube.com/watch?v=WzfSZNqw9lU,12:51,771,เรื่องผี
ผีพรายวังสวนดุสิต | หลอนไดอารี่,การดู 1.2 ล้าน ครั้ง,1200000,2023-09-23 22:39:23.824090,https://www.youtube.com/watch?v=Up9i6Kpnb4k,9:13,553,เรื่องผี
เที่ยวบินผี นั่งข้างศพ | หลอนไดอารี่ EP.195,การดู 3.3 ล้าน ครั้ง,3300000,2023-09-23 22:39:23.824095,https://www.youtube.com/watch?v=FEE5iScFBlU,15:44,944,เรื่องเล่า
อาถรรพ์งูเจ้าที่ คำสาปตามล้างแค้น | หลอนไดอารี่,การดู 1.7 ล้าน ครั้ง,1700000,2023-09-23 22:39:23.824099,https://www.youtube.com/watch?v=Bzcp1PUVyV4&pp=0gcJCesJAYcqIYzv,8:53,533,เรื่องผี
เปรตนางกำไล | หลอนไดอารี่ EP.194,การดู 4.4 ล้าน ครั้ง,4400000,2023-09-23 22:39:23.824103,https://www.youtube.com/watch?v=9_ejtqLMT0g&pp=0gcJCesJAYcqIYzv,17:43,1063,เรื่องผี
นางกิ่งแก้ว นักโทษหญิงไม่ยอมตาย | หลอนไดอารี่,การดู 1.9 ล้าน ครั้ง,1900000,2023-09-23 22:39:23.824107,https://www.youtube.com/watch?v=llOSyVALcvY,8:27,507,เรื่องเล่า
เจ๊แป้น ผีสวนทุเรียน | หลอนไดอารี่ EP.193,การดู 4.5 ล้าน ครั้ง,4500000,2023-09-23 22:39:23.824111,https://www.youtube.com/watch?v=uzghin8RRxM&pp=0gcJCesJAYcqIYzv,12:15,735,เรื่องผี
ศาลเจ้าพ่อปลัดจ่าง เขาใหญ่ | หลอนไดอารี่,การดู 9.2 แสน ครั้ง,919999,2023-09-23 22:39:23.824115,https://www.youtube.com/watch?v=NrhxVbgwYRw,8:57,537,เรื่องเล่า
รวมคลิปหลอน วันแม่ | หลอนไดอารี่,การดู 4.8 ล้าน ครั้ง,4800000,2023-09-23 22:39:23.824119,https://www.youtube.com/watch?v=Wjg7eZyAzmY,1:36:31,5791,เรื่องเล่า
ผงพรายกุมาร คุณไสยลูกกรอก | หลอนไดอารี่,การดู 7.3 แสน ครั้ง,730000,2023-09-23 22:39:23.824123,https://www.youtube.com/watch?v=p6EvXGNiOnA,8:44,524,เรื่องเล่า
สึนามิ คลื่นยักษ์พรากวิญญาณ | หลอนไดอารี่ EP.192,การดู 2.6 ล้าน ครั้ง,2600000,2023-09-23 22:39:23.824127,https://www.youtube.com/watch?v=EvocsMr53Ls,14:09,849,เรื่องเล่า
ป่าช้าวัดดอน สุสานเฮี้ยนในตำนาน | หลอนไดอารี่,การดู 1.2 ล้าน ครั้ง,1200000,2023-09-23 22:39:23.824131,https://www.youtube.com/watch?v=a7JezQRJ5Aw,9:12,552,ตำนาน / ประวัติศาสตร์
ผีห่วงแม่ | หลอนไดอารี่ EP.191,การดู 2.4 ล้าน ครั้ง,2400000,2023-09-23 22:39:23.824135,https://www.youtube.com/watch?v=LWwVddahwY8&pp=0gcJCesJAYcqIYzv,13:42,822,เรื่องผี
คุกนรก เกาะตะรุเตา จ.สตูล | หลอนไดอารี่,การดู 1.4 ล้าน ครั้ง,1400000,2023-09-23 22:39:23.824139,https://www.youtube.com/watch?v=NXnTkDLO2D4&pp=0gcJCesJAYcqIYzv,9:12,552,เรื่องเล่า
ค่ายฝึก รด.ผีเฮี้ยน  | หลอนไดอารี่ EP.190,การดู 4.5 ล้าน ครั้ง,4500000,2023-09-23 22:39:23.824144,https://www.youtube.com/watch?v=ydtILdPqYwY,14:32,872,เรื่องผี
โศกนาฏกรรมสะพานห้วยตอง จ.เพชรบูรณ์ | หลอนไดอารี่,การดู 2 ล้าน ครั้ง,2000000,2023-09-23 22:39:23.824148,https://www.youtube.com/watch?v=p2m1w0R5NdE,9:11,551,เรื่องเล่า
ผีลากไส้ กระสือ100 ปี | หลอนไดอารี่ EP.189,การดู 4.5 ล้าน ครั้ง,4500000,2023-09-23 22:39:23.824152,https://www.youtube.com/watch?v=yztvMiH6pSI,17:41,1061,เรื่องผี
อาถรรพ์เขาลมดูด เทือกเขาตะนาวศรี | หลอนไดอารี่,การดู 1.3 ล้าน ครั้ง,1300000,2023-09-23 22:39:23.824156,https://www.youtube.com/watch?v=QI3GXQSKtgQ,9:32,572,เรื่องผี
อสูรกายในกระจกผี | หลอนไดอารี่ EP.188,การดู 3.4 ล้าน ครั้ง,3400000,2023-09-23 22:39:23.824160,https://www.youtube.com/watch?v=V2xHHga6NS4,17:49,1069,เรื่องเล่า
ตี๋ใหญ่ อาชญากรผู้โด่งดัง | หลอนไดอารี่,การดู 1.5 ล้าน ครั้ง,1500000,2023-09-23 22:39:23.824164,https://www.youtube.com/watch?v=7TGGPOwJp3o,9:11,551,เรื่องเล่า
หอพักผีตายโหง | หลอนไดอารี่ EP.187,การดู 3.1 ล้าน ครั้ง,3100000,2023-09-23 22:39:23.824168,https://www.youtube.com/watch?v=YfjCpZtfi-Q,15:11,911,เรื่องเล่า
หมอผีอินโดนีเซีย คดีฆาตรกรรมฝังดิน | หลอนไดอารี่,การดู 1.3 ล้าน ครั้ง,1300000,2023-09-23 22:39:23.824172,https://www.youtube.com/watch?v=HZ4bLEUxKCc&pp=0gcJCesJAYcqIYzv,8:43,523,เรื่องเล่า
หุ่นผีสั่งตาย คุณไสยล้างแค้น | หลอนไดอารี่ EP.186,การดู 5.8 ล้าน ครั้ง,5800000,2023-09-23 22:39:23.824176,https://www.youtube.com/watch?v=WeyVxfdj-aQ,17:40,1060,เรื่องเล่า
วิญญาณนักโทษประหาร เรือนจำบางขวาง | หลอนไดอารี่,การดู 1.5 ล้าน ครั้ง,1500000,2023-09-23 22:39:23.824180,https://www.youtube.com/watch?v=ImNWM7-4_9A,8:56,536,เรื่องเล่า
อีเปี้ยว ผีเฮี้ยนตายทั้งกลม  | หลอนไดอารี่  EP.185,การดู 3.2 ล้าน ครั้ง,3200000,2023-09-23 22:39:23.824185,https://www.youtube.com/watch?v=0QK_6wR_vM4,15:06,906,เรื่องผี
เผาคนเป็น แก้กลหมาว้อ | หลอนไดอารี่,การดู 1.7 ล้าน ครั้ง,1700000,2023-09-23 22:39:23.824189,https://www.youtube.com/watch?v=tIu6xT8tDzQ,9:11,551,เรื่องเล่า
ขุนศึกปราบมาร | หลอนไดอารี่  EP.184,การดู 3 ล้าน ครั้ง,3000000,2023-09-23 22:39:23.824193,https://www.youtube.com/watch?v=k9IzJFcdS0I,17:56,1076,เรื่องเล่า
คดีขโมยกะโหลกศพผีตายโหง ทำคุณไสย | หลอนไดอารี่,การดู 1.2 ล้าน ครั้ง,1200000,2023-09-23 22:39:23.824198,https://www.youtube.com/watch?v=xZ97l-sJ0V0,9:14,554,เรื่องเล่า
ไอ้จ้อย ได้เมียผีพราย | หลอนไดอารี่  EP.183,การดู 4.3 ล้าน ครั้ง,4300000,2023-09-23 22:39:23.824202,https://www.youtube.com/watch?v=0fD1_N9mq-8&pp=0gcJCesJAYcqIYzv,15:24,924,เรื่องเล่า
คดีจับกระสือ เมื่อหลายร้อยปีก่อน | หลอนไดอารี่,การดู 1.5 ล้าน ครั้ง,1500000,2023-09-23 22:39:23.824206,https://www.youtube.com/watch?v=vgAZAaaCAXg,8:13,493,เรื่องผี
อีหวาน ผีปอบทะลวงไส้  | หลอนไดอารี่  EP.182,การดู 3.8 ล้าน ครั้ง,3800000,2023-09-23 22:39:23.824210,https://www.youtube.com/watch?v=OKdg5Gr0dF0,14:52,892,เรื่องผี
หมู่บ้านคนตาย บ้านพักผีตายโหง | หลอนไดอารี่,การดู 2.3 ล้าน ครั้ง,2300000,2023-09-23 22:39:23.824214,https://www.youtube.com/watch?v=IfIGkZkg7U4,9:13,553,เรื่องเล่า
เรือนจำผีเฮี้ยน | หลอนไดอารี่  EP.181,การดู 3.8 ล้าน ครั้ง,3800000,2023-09-23 22:39:23.824218,https://www.youtube.com/watch?v=YK-3zaJSoIk,13:19,799,เรื่องเล่า
10 วิธีเห็นผี โดยหลอนไดอารี่ | หลอนไดอารี่,การดู 8 แสน ครั้ง,800000,2023-09-23 22:39:23.824222,https://www.youtube.com/watch?v=PrX6j3voI8I,9:50,590,เรื่องเล่า
ขบวนนายฮ้อยผี | หลอนไดอารี่  EP.180,การดู 4 ล้าน ครั้ง,4000000,2023-09-23 22:39:23.824226,https://www.youtube.com/watch?v=5PtqTBSCsgU,15:45,945,เรื่องเล่า
บาเตาะเผ่ากินคน เผ่าโบราณในประเทศไทย | หลอนไดอารี่,การดู 1.5 ล้าน ครั้ง,1500000,2023-09-23 22:39:23.824230,https://www.youtube.com/watch?v=5dJUmCPI758,8:13,493,ตำนาน / ประวัติศาสตร์
ดงป่าสักมรณะ วิญญาณที่คอยปกป้องป่าไม้ | หลอนไดอารี่  EP.179,การดู 3.8 ล้าน ครั้ง,3800000,2023-09-23 22:39:23.824234,https://www.youtube.com/watch?v=TzxNSGOEyxM&pp=0gcJCesJAYcqIYzv,13:55,835,เรื่องเล่า
รถห้องเย็นมรณะ แรงงานดับสยอง | หลอนไดอารี่,การดู 1 ล้าน ครั้ง,1000000,2023-09-23 22:39:23.824238,https://www.youtube.com/watch?v=SaFw4jgQuwA,8:02,482,เรื่องเล่า
ปอบหมาดำ ผีร้ายกระหายเลือด | หลอนไดอารี่  EP.178,การดู 5.2 ล้าน ครั้ง,5200000,2023-09-23 22:39:23.824242,https://www.youtube.com/watch?v=F2MeWe0MisU,17:35,1055,เรื่องผี
วัดกระซ้าย วัดเฮี้ยนที่สุดในไทย  | หลอนไดอารี่,การดู 9 แสน ครั้ง,900000,2023-09-23 22:39:23.824246,https://www.youtube.com/watch?v=sNnyag5BCAI&pp=0gcJCesJAYcqIYzv,7:39,459,เรื่องเล่า
ศาลผีโพง คำสาปและสายเลือด | หลอนไดอารี่  EP.177,การดู 4.9 ล้าน ครั้ง,4900000,2023-09-23 22:39:23.824250,https://www.youtube.com/watch?v=Oxk9G-vzwqw,14:06,846,เรื่องเล่า
กระทรวงเวทย์มนต์ กระทรวงอาคมไทยโบราณ | หลอนไดอารี่,การดู 5.5 แสน ครั้ง,550000,2023-09-23 22:39:23.824254,https://www.youtube.com/watch?v=WI0NDPpz_hY,5:39,339,ตำนาน / ประวัติศาสตร์
รวมคลิปหลอน วันสงกรานต์ 2023 | หลอนไดอารี่,การดู 4.2 ล้าน ครั้ง,4200000,2023-09-23 22:39:23.824258,https://www.youtube.com/watch?v=FiQMDJVfWa8,1:32:15,5535,เรื่องเล่า
เพลงเชิญผีสัตว์ในหน้าสงกรานต์ | หลอนไดอารี่,การดู 6.4 แสน ครั้ง,640000,2023-09-23 22:39:23.824262,https://www.youtube.com/watch?v=D1sT3Q-VSTQ,5:16,316,เรื่องเล่า
โค้งน้ำผีพราย  | หลอนไดอารี่  EP.176,การดู 3.7 ล้าน ครั้ง,3700000,2023-09-23 22:39:23.824266,https://www.youtube.com/watch?v=I_4wyturelU,14:29,869,เรื่องเล่า
นายหญิงผู้อำมหิตผิดมนุษย์ | หลอนไดอารี่,การดู 2 ล้าน ครั้ง,2000000,2023-09-23 22:39:23.824272,https://www.youtube.com/watch?v=_UBlKqHHsOM,8:36,516,เรื่องเล่า
คำสาปบนดอยสูง | หลอนไดอารี่  EP.175,การดู 3.3 ล้าน ครั้ง,3300000,2023-09-23 22:39:23.824276,https://www.youtube.com/watch?v=up46UbUVMa8,13:14,794,เรื่องเล่า
ลัทธิสยอง ฆ่าลูกบูชาพระอินทร์ | หลอนไดอารี่,การดู 8.3 แสน ครั้ง,830000,2023-09-23 22:39:23.824280,https://www.youtube.com/watch?v=9Y98tErHzS8,7:30,450,เรื่องเล่า
เปรตนาเกลือ | หลอนไดอารี่  EP.174,การดู 3.3 ล้าน ครั้ง,3300000,2023-09-23 22:39:23.824284,https://www.youtube.com/watch?v=20lMFujsT40,17:20,1040,เรื่องผี
สุสานเผานั่งยาง | หลอนไดอารี่,การดู 1.3 ล้าน ครั้ง,1300000,2023-09-23 22:39:23.824289,https://www.youtube.com/watch?v=7EkoJWZ3_Gg,7:59,479,เรื่องเล่า
ไอ้เปี๊ยก ผีนักเลงหัวขาด | หลอนไดอารี่  EP.173,การดู 2.7 ล้าน ครั้ง,2700000,2023-09-23 22:39:23.824293,https://www.youtube.com/watch?v=W8uUSd7bghE,14:58,898,เรื่องผี
ย้อนรอย ตะลุมพุก พายุถล่มเมือง จ.นครศรีธรรมราช | หลอนไดอารี่,การดู 9.4 แสน ครั้ง,940000,2023-09-23 22:39:23.824297,https://www.youtube.com/watch?v=f27weAkbPAY,5:45,345,เรื่องเล่า
อีดา ผีบ้าวิญญาณเฮี้ยน | หลอนไดอารี่  EP.172,การดู 7.6 ล้าน ครั้ง,7600000,2023-09-23 22:39:23.824301,https://www.youtube.com/watch?v=LX7DqsB4-Ek,18:05,1085,เรื่องผี
ศาลาการเปรียญเฮี้ยนวัดบ้านแก จ.อ่างทอง | หลอนไดอารี่,การดู 8.9 แสน ครั้ง,890000,2023-09-23 22:39:23.824305,https://www.youtube.com/watch?v=oPhS8gq1abU,5:57,357,เรื่องเล่า
เตียงไม้สัก ผีหวงที่ตาย | หลอนไดอารี่  EP.171,การดู 2 ล้าน ครั้ง,2000000,2023-09-23 22:39:23.824309,https://www.youtube.com/watch?v=PJU9Nyq66b8,11:40,700,เรื่องผี
ตะบองพลำ ตะขาบยักษ์กินคน | หลอนไดอารี่,การดู 9.3 แสน ครั้ง,930000,2023-09-23 22:39:23.824313,https://www.youtube.com/watch?v=mjh6ZQcfv6A,5:07,307,เรื่องเล่า
โรงเรียนเฮี้ยนติดชายแดน | หลอนไดอารี่  EP.170,การดู 4.3 ล้าน ครั้ง,4300000,2023-09-23 22:39:23.824317,https://www.youtube.com/watch?v=0pGuCYiRuuU,13:34,814,เรื่องเล่า
กำเนิดบุญบั้งไฟ พญาคันคากพิโรธยกทัพรบพญาแถน | หลอนไดอารี่,การดู 8 แสน ครั้ง,800000,2023-09-23 22:39:23.824321,https://www.youtube.com/watch?v=ut0U_DdRUO0,8:34,514,เรื่องผี
กองทัพทหารผี | หลอนไดอารี่  EP.169,การดู 2.9 ล้าน ครั้ง,2900000,2023-09-23 22:39:23.824325,https://www.youtube.com/watch?v=8ElvpcuFwQM&pp=0gcJCesJAYcqIYzv,13:05,785,เรื่องเล่า
ตำนาน วัลลี ยากุ วัดกำพร้า จ.สมุทรสาคร | หลอนไดอารี่,การดู 1.1 ล้าน ครั้ง,1100000,2023-09-23 22:39:23.824329,https://www.youtube.com/watch?v=fDt7gB92njw,6:10,370,ตำนาน / ประวัติศาสตร์
เป็นชู้กับผี | หลอนไดอารี่  EP.168,การดู 5.2 ล้าน ครั้ง,5200000,2023-09-23 22:39:23.824333,https://www.youtube.com/watch?v=PZoVjMMI6WI,14:55,895,เรื่องเล่า
10 กฎหลอนต้องห้าม ที่โบราญกล่าวไว้ | หลอนไดอารี่,การดู 1.2 ล้าน ครั้ง,1200000,2023-09-23 22:39:23.824337,https://www.youtube.com/watch?v=KESOKEQuUsM,7:37,457,นิยาย
คืนผวา ศพอาจารย์ใหญ่ | หลอนไดอารี่  EP.167,การดู 2 ล้าน ครั้ง,2000000,2023-09-23 22:39:23.824341,https://www.youtube.com/watch?v=qHgcj2FXU3w,13:30,810,เรื่องเล่า
ประตูสู่เมืองบาดาล ที่ถูกสาปปิดตาย พระธาตุดำ สปป.ลาว | หลอนไดอารี่,การดู 7.9 แสน ครั้ง,790000,2023-09-23 22:39:23.824345,https://www.youtube.com/watch?v=BDytapCpYEs,5:05,305,เรื่องเล่า
สมบัติผีเจ้านาง | หลอนไดอารี่  EP.166,การดู 2.6 ล้าน ครั้ง,2600000,2023-09-23 22:39:23.824350,https://www.youtube.com/watch?v=wKbMpTf3uBo,11:57,717,เรื่องผี
ศึกพญาจระเข้ ปะทะ พญางูยักษ์ แห่งแม่น้ำตาปี | หลอนไดอารี่,การดู 1.3 ล้าน ครั้ง,1300000,2023-09-23 22:39:23.824354,https://www.youtube.com/watch?v=IXOH4Kqz0KA,8:00,480,เรื่องผี
ผีโขมด ป่าดงพญาไฟ | หลอนไดอารี่  EP.165,การดู 2.3 ล้าน ครั้ง,2300000,2023-09-23 22:39:23.824358,https://www.youtube.com/watch?v=3pK2e3My6a8,13:26,806,เรื่องผี
ปิดตำนานซีอุย มนุษย์กินคน | หลอนไดอารี่,การดู 1.1 ล้าน ครั้ง,1100000,2023-09-23 22:39:23.824362,https://www.youtube.com/watch?v=uBI7dZQvnxE&pp=0gcJCesJAYcqIYzv,7:48,468,ตำนาน / ประวัติศาสตร์
ผิดสัจจะ ผีหลังกลวง | หลอนไดอารี่  EP.164,การดู 1.5 ล้าน ครั้ง,1500000,2023-09-23 22:39:23.824366,https://www.youtube.com/watch?v=rCa7TxrZIYQ,11:04,664,เรื่องผี
อาถรรพ์ถ้ำลั่นทม เขื่อนกาญจนบุรี | หลอนไดอารี่,การดู 9.6 แสน ครั้ง,960000,2023-09-23 22:39:23.824370,https://www.youtube.com/watch?v=7exKYS1kHOI,6:38,398,เรื่องผี
เทวรูปกินคน 4 ( นนท์ ปะทะ เทวรูปกินคน ) | หลอนไดอารี่  EP.163,การดู 7.2 ล้าน ครั้ง,7200000,2023-09-23 22:39:23.824374,https://www.youtube.com/watch?v=uJYeLyaYPWQ,15:47,947,เรื่องเล่า
ผีตีนกลับ จ.สุพรรณบุรี | หลอนไดอารี่,การดู 1.9 ล้าน ครั้ง,1900000,2023-09-23 22:39:23.824378,https://www.youtube.com/watch?v=mXAZKooQR3o,7:42,462,เรื่องผี
รวมคลิป เทวรูปกินคน VS ศาลาพักข้างสุสาน  | หลอนไดอารี่,การดู 1.6 ล้าน ครั้ง,1600000,2023-09-23 22:39:23.824383,https://www.youtube.com/watch?v=iMXsrobLKAA,1:23:49,5029,เรื่องเล่า
10 อันดับ ผีไทยโบราญ ที่หลอนและเฮี้ยนที่สุด | หลอนไดอารี่,การดู 7.4 แสน ครั้ง,740000,2023-09-23 22:39:23.824387,https://www.youtube.com/watch?v=T8KQUWL6-zI,9:10,550,เรื่องผี
พิษรัก ฝังตายทั้งกลม | หลอนไดอารี่  EP.162,การดู 2.1 ล้าน ครั้ง,2100000,2023-09-23 22:39:23.824391,https://www.youtube.com/watch?v=ShbqRA5Onr0,9:31,571,เรื่องเล่า
5 ปีศาจร้าย ในวันคริสต์มาส | หลอนไดอารี่,การดู 7.9 แสน ครั้ง,790000,2023-09-23 22:39:23.824395,https://www.youtube.com/watch?v=9DCCPNnCIsc,6:47,407,เรื่องเล่า
ผีดิบพระนคร | หลอนไดอารี่  EP.161,การดู 2 ล้าน ครั้ง,2000000,2023-09-23 22:39:23.824399,https://www.youtube.com/watch?v=1eRyES3l-v8,11:47,707,เรื่องผี
เสือฝ้าย จอมโจรผู้ยิ่งใหญ่ | หลอนไดอารี่,การดู 1.4 ล้าน ครั้ง,1400000,2023-09-23 22:39:23.824404,https://www.youtube.com/watch?v=ek9gtus5lhs,7:54,474,เรื่องเล่า
สมิงดำ แห่งผาหมอก | หลอนไดอารี่  EP.160,การดู 2.1 ล้าน ครั้ง,2100000,2023-09-23 22:39:23.824408,https://www.youtube.com/watch?v=o_399sk-_dA,13:11,791,เรื่องผี
กำเนิดแม่น้ำโขง และ แม่น้ำน่าน ศึกพญานาคราชแห่งสายน้ำ | หลอนไดอารี่,การดู 9.9 แสน ครั้ง,990000,2023-09-23 22:39:23.824412,https://www.youtube.com/watch?v=XF2fVgSIYNQ,7:39,459,เรื่องผี
ทางเกวียนผี โสกอาถรรพ์ | หลอนไดอารี่  EP.159,การดู 2.3 ล้าน ครั้ง,2300000,2023-09-23 22:39:23.824416,https://www.youtube.com/watch?v=HcuG9jiUS4o,11:23,683,เรื่องผี
พรานป่า ล่ากินรี | หลอนไดอารี่,การดู 9.3 แสน ครั้ง,930000,2023-09-23 22:39:23.824420,https://www.youtube.com/watch?v=ebfFHuDLBB4,6:28,388,เรื่องเล่า
พรานสิงห์ ล่าจงอางสมิง | หลอนไดอารี่  EP.158,การดู 3.8 ล้าน ครั้ง,3800000,2023-09-23 22:39:23.824424,https://www.youtube.com/watch?v=SM5O7VLbABo&pp=0gcJCesJAYcqIYzv,13:01,781,เรื่องผี
คืนบาปพรหมพิราม | หลอนไดอารี่,การดู 1 ล้าน ครั้ง,1000000,2023-09-23 22:39:23.824429,https://www.youtube.com/watch?v=eZra0YFNWAI,7:19,439,เรื่องเล่า
ไอ้เจิดผีตาโบ๋ ตามล้างแค้น | หลอนไดอารี่  EP.157,การดู 2.2 ล้าน ครั้ง,2200000,2023-09-23 22:39:23.824433,https://www.youtube.com/watch?v=K6avsr_sWO4,11:35,695,เรื่องเล่า
จระเข้ยักษ์กินคน ไอ้ด่างเกยชัย | หลอนไดอารี่,การดู 1.6 ล้าน ครั้ง,1600000,2023-09-23 22:39:23.824437,https://www.youtube.com/watch?v=T8LgbC42j6g,7:35,455,เรื่องเล่า
อสุรกาย กลางดงดิบ | หลอนไดอารี่  EP.156,การดู 2.5 ล้าน ครั้ง,2500000,2023-09-23 22:39:23.824441,https://www.youtube.com/watch?v=OozXwsK1A0U,11:18,678,เรื่องเล่า
กระทงหัวผี | หลอนไดอารี่,การดู 2 ล้าน ครั้ง,2000000,2023-09-23 22:39:23.824445,https://www.youtube.com/watch?v=iJken4PBtIE,7:14,434,เรื่องเล่า
ภูผากระหังหนุ่ม จอมขมังเวทย์ | หลอนไดอารี่  EP.155,การดู 4.4 ล้าน ครั้ง,4400000,2023-09-23 22:39:23.824449,https://www.youtube.com/watch?v=NB7teE7vlnA,12:29,749,เรื่องเล่า
เสือแป้นจอมโจรหนังเหนียวฟันคอไม่ขาด | หลอนไดอารี่,การดู 2.4 ล้าน ครั้ง,2400000,2023-09-23 22:39:23.824454,https://www.youtube.com/watch?v=vGpHLmhnJSE,7:00,420,เรื่องเล่า
โอ่งซ่อนผี | หลอนไดอารี่ EP.154,การดู 2.7 ล้าน ครั้ง,2700000,2023-09-23 22:39:23.824458,https://www.youtube.com/watch?v=B3qxEM80IFo,12:24,744,เรื่องเล่า
งูเก็งกอง พญางูเขมร | หลอนไดอารี่,การดู 1.3 ล้าน ครั้ง,1300000,2023-09-23 22:39:23.824462,https://www.youtube.com/watch?v=4wTbtUS9AxQ,8:50,530,เรื่องผี
หมู่บ้านผีเฮี้ยน | หลอนไดอารี่ EP.153,การดู 3 ล้าน ครั้ง,3000000,2023-09-23 22:39:23.824466,https://www.youtube.com/watch?v=-cMY1Jj0MnI,12:35,755,เรื่องเล่า
พระธุดงค์โปรดผีกองกอย ข่าระแด | หลอนไดอารี่,การดู 9.8 แสน ครั้ง,980000,2023-09-23 22:39:23.824471,https://www.youtube.com/watch?v=8phT1NF3Ti8,6:21,381,เรื่องเล่า
ผีสาวกะเหรี่ยง อาฆาตแค้น | หลอนไดอารี่ EP.152,การดู 4.6 ล้าน ครั้ง,4600000,2023-09-23 22:39:23.824475,https://www.youtube.com/watch?v=qWATEsUrkh0,15:31,931,เรื่องผี
พญาวานร แห่งเขาหน่อ | หลอนไดอารี่,การดู 1.1 ล้าน ครั้ง,1100000,2023-09-23 22:39:23.824479,https://www.youtube.com/watch?v=m3wYKvsRMwk,5:13,313,เรื่องผี
คำสาปผีโพง สืบทอดร่างผีโพง | หลอนไดอารี่ EP.151,การดู 2.6 ล้าน ครั้ง,2600000,2023-09-23 22:39:23.824484,https://www.youtube.com/watch?v=zFOIbtJS2jM,12:26,746,เรื่องเล่า
ตำนานน้ำตกหลี่ผี สปป.ลาว | หลอนไดอารี่,การดู 1.8 ล้าน ครั้ง,1800000,2023-09-23 22:39:23.824488,https://www.youtube.com/watch?v=yHh9LIPUBTE,7:49,469,ตำนาน / ประวัติศาสตร์
ซอยสยองขวัญ บ้านเช่ากลางซอยเปรี่ยว | หลอนไดอารี่ EP.150,การดู 3.6 ล้าน ครั้ง,3600000,2023-09-23 22:39:23.824492,https://www.youtube.com/watch?v=KhHTw8M1IAM,11:26,686,เรื่องเล่า
บุญเพ็งหีบเหล็ก  ฆาตรกรมนต์ดำ | คดีหลอน | หลอนไดอารี่ |,การดู 1.9 ล้าน ครั้ง,1900000,2023-09-23 22:39:23.824496,https://www.youtube.com/watch?v=aivzMCjhhts,9:59,599,เรื่องเล่า
เปรตมอญ ซ่อนแค้น | หลอนไดอารี่ EP.149,การดู 2.5 ล้าน ครั้ง,2500000,2023-09-23 22:39:23.824500,https://www.youtube.com/watch?v=RuQfz-CsGUQ,12:13,733,เรื่องผี
ขบวนแห่ศพคืนเดือนแรม  | เรื่องเล่าหลอน | หลอนไดอารี่ |,การดู 1.2 ล้าน ครั้ง,1200000,2022-09-23 22:39:23.824504,https://www.youtube.com/watch?v=g3Wwp-iDi68,6:21,381,เรื่องเล่า
บุญข้าวสาก คืนหลอนวันเลี้ยงผี | หลอนไดอารี่ EP.148,การดู 3.6 ล้าน ครั้ง,3600000,2022-09-23 22:39:23.824508,https://www.youtube.com/watch?v=EQMK0OMp--o,10:57,657,เรื่องเล่า
ตำนานเลี้ยงผีขุนน้ำ | หลอนไดอารี่,การดู 7.7 แสน ครั้ง,770000,2022-09-23 22:39:23.824513,https://www.youtube.com/watch?v=_gJP5QZJ1e4,5:47,347,ตำนาน / ประวัติศาสตร์
ปอบยายสายถ้วยแก้ว 2 | หลอนไดอารี่ EP.147,การดู 2.8 ล้าน ครั้ง,2800000,2022-09-23 22:39:23.824517,https://www.youtube.com/watch?v=1mRTpOBFg-A,12:34,754,เรื่องเล่า
พระเลี้ยงกระสือ | หลอนไดอารี่ EP.146,การดู 4 ล้าน ครั้ง,4000000,2022-09-23 22:39:23.824521,https://www.youtube.com/watch?v=U_W-dRJ_c0A,14:02,842,เรื่องผี
เรือโลงผี โลงศพที่ลอยมากับสายน้ำ | หลอนไดอารี่ EP.145,การดู 2.7 ล้าน ครั้ง,2700000,2022-09-23 22:39:23.824526,https://www.youtube.com/watch?v=IP6dx9i3NAU,13:13,793,เรื่องเล่า
เปรตป่า ผาลับแล วิญญาณพันปี  | หลอนไดอารี่ | เรื่องเล่าหลอน |,การดู 1.7 ล้าน ครั้ง,1700000,2022-09-23 22:39:23.824530,https://www.youtube.com/watch?v=l8hQ5gSfQHY,8:13,493,เรื่องผี
โรงพักหลอน เมื่อวิญญานมาร้องทุกข์ | หลอนไดอารี่ EP.144,การดู 1 ล้าน ครั้ง,1000000,2022-09-23 22:39:23.824534,https://www.youtube.com/watch?v=bixgAT5ekCg,11:57,717,เรื่องเล่า
ผีเจ้าที่เขย่าเตียง | นั่งเล่าหลอน EP.4 | หลอนไดอารี่,การดู 3.9 แสน ครั้ง,390000,2022-09-23 22:39:23.824538,https://www.youtube.com/watch?v=Pm85h2qLblI,9:14,554,เรื่องผี
บ้านร้างยายโสม ซึ้งน้ำตาไหล | หลอนไดอารี่ EP.143,การดู 2.9 ล้าน ครั้ง,2900000,2022-09-23 22:39:23.824542,https://www.youtube.com/watch?v=d2xtoEDbixI,12:19,739,เรื่องเล่า
ตุ๊กตานางรำ | นั่งเล่าหลอน EP.3 | หลอนไดอารี่,การดู 4.7 แสน ครั้ง,470000,2022-09-23 22:39:23.824547,https://www.youtube.com/watch?v=4mwhvbhjU4o,10:41,641,เรื่องเล่า
ศพหมอผี | หลอนไดอารี่ EP.142,การดู 3.4 ล้าน ครั้ง,3400000,2022-09-23 22:39:23.824551,https://www.youtube.com/watch?v=tGMBGtKRyAQ,12:26,746,เรื่องเล่า
ดวงไฟหลอนเฝ้าสมบัติ | นั่งเล่าหลอน EP.2 | หลอนไดอารี่,การดู 5 แสน ครั้ง,500000,2022-09-23 22:39:23.824555,https://www.youtube.com/watch?v=nZvYTBOUoLE,6:20,380,เรื่องเล่า
ศาลาพักข้างสุสาน 3 | หลอนไดอารี่ EP.141,การดู 4.2 ล้าน ครั้ง,4200000,2022-09-23 22:39:23.824559,https://www.youtube.com/watch?v=Dc_08Ovq2vY,13:35,815,เรื่องเล่า
ประสบการณ์สุดเฮี้ยนจากค่ายธรรมมะ | นั่งเล่าหลอน EP.1 | หลอนไดอารี่,การดู 6.2 แสน ครั้ง,620000,2022-09-23 22:39:23.824563,https://www.youtube.com/watch?v=Be0Fz9lO70w,9:17,557,เรื่องจริง
กระดูกผีบอก | หลอนไดอารี่ EP.140,การดู 2.9 ล้าน ครั้ง,2900000,2022-09-23 22:39:23.824568,https://www.youtube.com/watch?v=_DEXPrrwDIs,10:51,651,เรื่องเล่า
ตำนานเวตาล | หลอนไดอารี่,การดู 1 ล้าน ครั้ง,1000000,2022-09-23 22:39:23.824572,https://www.youtube.com/watch?v=hboV8Fr85Cg,5:48,348,ตำนาน / ประวัติศาสตร์
ปอบหัวขาด | หลอนไดอารี่ EP.139,การดู 4.9 ล้าน ครั้ง,4900000,2022-09-23 22:39:23.824577,https://www.youtube.com/watch?v=AMzVp_cCK-4,13:11,791,เรื่องเล่า
ตำนานผีนับจาน | หลอนไดอารี่,การดู 7.2 แสน ครั้ง,720000,2022-09-23 22:39:23.824581,https://www.youtube.com/watch?v=eX-y4E5ydb0,5:30,330,ตำนาน / ประวัติศาสตร์
หุ่นไล่กาหลอน | หลอนไดอารี่ EP.138,การดู 3.1 ล้าน ครั้ง,3100000,2022-09-23 22:39:23.824585,https://www.youtube.com/watch?v=gDhtTw5COcQ,12:50,770,เรื่องเล่า
รวมคลิป พระเจอผี | หลอนไดอารี่,การดู 2.9 ล้าน ครั้ง,2900000,2022-09-23 22:39:23.824589,https://www.youtube.com/watch?v=yZg4Ac0QPwk,1:14:00,4440,เรื่องเล่า
ค่ายอาสาผีดุ | หลอนไดอารี่ EP.137,การดู 1.1 ล้าน ครั้ง,1100000,2022-09-23 22:39:23.824594,https://www.youtube.com/watch?v=jT9cA_WpoC4,13:40,820,เรื่องเล่า
กำเนิด วันปล่อยผี | หลอนไดอารี่,การดู 1.4 ล้าน ครั้ง,1400000,2022-09-23 22:39:23.824598,https://www.youtube.com/watch?v=3GxqgC9Fatg,6:08,368,เรื่องเล่า
หุ่นนาฏศิลป์ผีสิง | หลอนไดอารี่ EP.136,การดู 2.9 ล้าน ครั้ง,2900000,2022-09-23 22:39:23.824602,https://www.youtube.com/watch?v=7ndiG58keeg,12:28,748,เรื่องผี
ลาเซกัว ปีศาจกะโหลกม้า | หลอนไดอารี่,การดู 7.1 แสน ครั้ง,710000,2022-09-23 22:39:23.824606,https://www.youtube.com/watch?v=khq906BFETc,4:27,267,เรื่องเล่า
เทวรูปกินคน 3 | หลอนไดอารี่ EP.135,การดู 2.4 ล้าน ครั้ง,2400000,2022-09-23 22:39:23.824610,https://www.youtube.com/watch?v=SE5WbICUcJg,12:16,736,เรื่องเล่า
ตำนานควายธนู | หลอนไดอารี่,การดู 1.3 ล้าน ครั้ง,1300000,2022-09-23 22:39:23.824614,https://www.youtube.com/watch?v=zLmsEYQf4mM,4:58,298,ตำนาน / ประวัติศาสตร์
ผีนางตะเคียน | หลอนไดอารี่ EP.134,การดู 2.8 ล้าน ครั้ง,2800000,2022-09-23 22:39:23.824618,https://www.youtube.com/watch?v=H9NDAHtUDso,11:18,678,เรื่องผี
แวมไพร์ ผีดูดเลือด | หลอนไดอารี่,การดู 7.4 แสน ครั้ง,740000,2022-09-23 22:39:23.824623,https://www.youtube.com/watch?v=-0kqEKSF7O4,5:25,325,เรื่องผี
อาถรรพ์ทางสามแพร่ง | หลอนไดอารี่ EP.133,การดู 2.9 ล้าน ครั้ง,2900000,2022-09-23 22:39:23.824627,https://www.youtube.com/watch?v=YQefLq2HMj8&pp=0gcJCesJAYcqIYzv,10:49,649,เรื่องผี
โพคอง (ผีผ้าห่อศพ) | หลอนไดอารี่,การดู 1.8 ล้าน ครั้ง,1800000,2022-09-23 22:39:23.824631,https://www.youtube.com/watch?v=ponbHnPYYig,5:31,331,เรื่องผี
คำขอจากศพ | หลอนไดอารี่ EP.132,การดู 3.7 ล้าน ครั้ง,3700000,2022-09-23 22:39:23.824635,https://www.youtube.com/watch?v=t0j9sTSGlQ8&pp=0gcJCesJAYcqIYzv,12:06,726,เรื่องเล่า
กำเนิดท้าวเวสสุวรรณ | หลอนไดอารี่,การดู 2.4 ล้าน ครั้ง,2400000,2022-09-23 22:39:23.824639,https://www.youtube.com/watch?v=GkUJPCeet9I,5:58,358,เรื่องเล่า
เปรตหูหนอน | หลอนไดอารี่ EP.131,การดู 3 ล้าน ครั้ง,3000000,2022-09-23 22:39:23.824643,https://www.youtube.com/watch?v=BOY_QrOmGCY,12:40,760,เรื่องผี
ตำนานนางกวัก  | หลอนไดอารี่,การดู 1.1 ล้าน ครั้ง,1100000,2022-09-23 22:39:23.824648,https://www.youtube.com/watch?v=bbRzLVS2qEc,6:05,365,ตำนาน / ประวัติศาสตร์
ผีใส่บาตรพระ  | หลอนไดอารี่ EP.130,การดู 2.6 ล้าน ครั้ง,2600000,2022-09-23 22:39:23.824652,https://www.youtube.com/watch?v=H_wH4Wv0dzc,11:55,715,เรื่องผี
ตำนานผีหลังกลวง | หลอนไดอารี่,การดู 7.1 แสน ครั้ง,710000,2022-09-23 22:39:23.824656,https://www.youtube.com/watch?v=_gkeAlF7qxU,5:08,308,ตำนาน / ประวัติศาสตร์
พรานป่าล่าสมิง | หลอนไดอารี่ EP.129,การดู 1.9 ล้าน ครั้ง,1900000,2022-09-23 22:39:23.824660,https://www.youtube.com/watch?v=FQM8ple8dMU,11:53,713,เรื่องผี
ดูลาฮาน แห่งไอริช | หลอนไดอารี่,การดู 6.6 แสน ครั้ง,660000,2022-09-23 22:39:23.824665,https://www.youtube.com/watch?v=Y9N3KmeTs5w,5:26,326,เรื่องเล่า
สองพี่น้อง | หลอนไดอารี่ EP.128,การดู 3.3 ล้าน ครั้ง,3300000,2022-09-23 22:39:23.824670,https://www.youtube.com/watch?v=AOXBu1A--J8,13:24,804,เรื่องเล่า
ตำนานภูลังกา | หลอนไดอารี่,การดู 1.2 ล้าน ครั้ง,1200000,2022-09-23 22:39:23.824674,https://www.youtube.com/watch?v=sJH4Sh1th7o,6:12,372,ตำนาน / ประวัติศาสตร์
ป่านางรำ | หลอนไดอารี่ EP.127,การดู 3.4 ล้าน ครั้ง,3400000,2022-09-23 22:39:23.824678,https://www.youtube.com/watch?v=54ka4nRHGaE,11:56,716,เรื่องเล่า
Bloody Mary ผีสาวในกระจก | หลอนไดอารี่,การดู 8 แสน ครั้ง,800000,2022-09-23 22:39:23.824682,https://www.youtube.com/watch?v=2bQR0m2qlhU,5:38,338,เรื่องผี
ตุ๊กตารูปศพ | หลอนไดอารี่ EP.126,การดู 3.5 ล้าน ครั้ง,3500000,2022-09-23 22:39:23.824686,https://www.youtube.com/watch?v=TbOYg5mUmIM,13:32,812,เรื่องเล่า
ตำนานผีข้าวปุ้น | หลอนไดอารี่,การดู 1.4 ล้าน ครั้ง,1400000,2022-09-23 22:39:23.824690,https://www.youtube.com/watch?v=LrlELbbOU-k,6:18,378,ตำนาน / ประวัติศาสตร์
ตำนานผีตาโขน | หลอนไดอารี่,การดู 2.2 ล้าน ครั้ง,2200000,2022-09-23 22:39:23.824694,https://www.youtube.com/watch?v=B_A5NmheWWU,6:15,375,ตำนาน / ประวัติศาสตร์
รวมคลิปหลอน วันสงกรานต์ 2022 | หลอนไดอารี่,การดู 3.9 ล้าน ครั้ง,3900000,2022-09-23 22:39:23.824699,https://www.youtube.com/watch?v=NWmoT364CsE,1:14:11,4451,เรื่องเล่า
ปอบยายสายถ้วยแก้ว | หลอนไดอารี่ EP.125,การดู 4.2 ล้าน ครั้ง,4200000,2022-09-23 22:39:23.824703,https://www.youtube.com/watch?v=fZZiPeDq1fA,14:32,872,เรื่องเล่า
ตำนานอสุรกายเปรต | หลอนไดอารี่,การดู 3.4 ล้าน ครั้ง,3400000,2022-09-23 22:39:23.824707,https://www.youtube.com/watch?v=OImhLbQwCuw&pp=0gcJCesJAYcqIYzv,6:27,387,เรื่องผี
สองแถวส่งผี | หลอนไดอารี่ EP.124,การดู 3.2 ล้าน ครั้ง,3200000,2022-09-23 22:39:23.824711,https://www.youtube.com/watch?v=aV2iHBDun44,11:20,680,เรื่องเล่า
ตำนานผีถ้วยแก้ว | หลอนไดอารี่,การดู 7.5 แสน ครั้ง,750000,2022-09-23 22:39:23.824715,https://www.youtube.com/watch?v=gPyq6wvV5uA,6:13,373,ตำนาน / ประวัติศาสตร์
ศึกคุณไสย สงครามจอมขมังเวทย์ | หลอนไดอารี่ EP.123,การดู 13 ล้าน ครั้ง,13000000,2022-09-23 22:39:23.824719,https://www.youtube.com/watch?v=RRnakNZ6JsI,17:51,1071,เรื่องเล่า
ตำนานผีดิบจีน | หลอนไดอารี่,การดู 1.7 ล้าน ครั้ง,1700000,2022-09-23 22:39:23.824723,https://www.youtube.com/watch?v=MAnRRgGFPE8,5:23,323,ตำนาน / ประวัติศาสตร์
คนในอยากหลอก คนนอกอยากเล่า - #เทอมสองสยองขวัญ,การดู 1 ล้าน ครั้ง,1000000,2022-09-23 22:39:23.824728,https://www.youtube.com/watch?v=AP4RiM2BFCM,9:53,593,อื่น ๆ
ตำนานกลิ้งดง อสุรกายไร้หัว | หลอนไดอารี่ Thai Monster,การดู 1.5 ล้าน ครั้ง,1500000,2022-09-23 22:39:23.824732,https://www.youtube.com/watch?v=ouOlyc63wfs,6:23,383,ตำนาน / ประวัติศาสตร์
พระธุดงค์ผจญผีสาว (หลวงปู่ตื้อ) | หลอนไดอารี่ EP.122,การดู 3.8 ล้าน ครั้ง,3800000,2022-09-23 22:39:23.824737,https://www.youtube.com/watch?v=eiajWfUCUN8,11:07,667,เรื่องเล่า
ตำนานแมงสี่หูห้าตา | หลอนไดอารี่ Thai Monster,การดู 1 ล้าน ครั้ง,1000000,2022-09-23 22:39:23.824741,https://www.youtube.com/watch?v=kGvhYS2Ldeo,7:03,423,ตำนาน / ประวัติศาสตร์
ศาลาพักข้างสุสาน 2  | หลอนไดอารี่ EP.121,การดู 7.8 ล้าน ครั้ง,7800000,2022-09-23 22:39:23.824745,https://www.youtube.com/watch?v=guLVRs8uNzY&pp=0gcJCesJAYcqIYzv,17:09,1029,เรื่องเล่า
ตำนานถ้ำนาคา | หลอนไดอารี่ Thai Monster,การดู 1.4 ล้าน ครั้ง,1400000,2022-09-23 22:39:23.824749,https://www.youtube.com/watch?v=K1eOJkidcUs,5:39,339,ตำนาน / ประวัติศาสตร์
คืนหลอนหาดจอมเทียน | หลอนไดอารี่ EP.120,การดู 2.6 ล้าน ครั้ง,2600000,2022-09-23 22:39:23.824753,https://www.youtube.com/watch?v=ZkCF-fEQ8JE,14:50,890,เรื่องเล่า
ตำนานผีบ้านผีเรือน | หลอนไดอารี่,การดู 1.5 ล้าน ครั้ง,1500000,2022-09-23 22:39:23.824758,https://www.youtube.com/watch?v=LzJdq-rl8D4,4:50,290,ตำนาน / ประวัติศาสตร์
มรดกหลอน | หลอนไดอารี่ EP.119,การดู 4 ล้าน ครั้ง,4000000,2022-09-23 22:39:23.824762,https://www.youtube.com/watch?v=YJJQDk9Sb5g,14:43,883,เรื่องเล่า
ตำนานผีแม่ม่าย | หลอนไดอารี่,การดู 1.4 ล้าน ครั้ง,1400000,2022-09-23 22:39:23.824766,https://www.youtube.com/watch?v=CnU4eF3htgs,5:45,345,ตำนาน / ประวัติศาสตร์
ผีนิมนต์พระ | หลอนไดอารี่ EP.118,การดู 5 ล้าน ครั้ง,5000000,2022-09-23 22:39:23.824770,https://www.youtube.com/watch?v=ntjYIMlEoSI,14:35,875,เรื่องผี
ตำนานเสือสมิง | หลอนไดอารี่ Thai Monster,การดู 9.6 แสน ครั้ง,960000,2022-09-23 22:39:23.824775,https://www.youtube.com/watch?v=-_cHL7bcLG0,4:54,294,เรื่องผี
กองกอย อสูรกาย | หลอนไดอารี่ EP.117,การดู 5.6 ล้าน ครั้ง,5600000,2022-09-23 22:39:23.824779,https://www.youtube.com/watch?v=etFHi1KwDao,12:26,746,เรื่องเล่า
ตำนานผีลักซ่อน | หลอนไดอารี่,การดู 1.6 ล้าน ครั้ง,1600000,2022-09-23 22:39:23.824783,https://www.youtube.com/watch?v=H_Mw0vdG760,5:10,310,ตำนาน / ประวัติศาสตร์
ปอบนกแสก | หลอนไดอารี่ EP.116,การดู 6.1 ล้าน ครั้ง,6100000,2022-09-23 22:39:23.824787,https://www.youtube.com/watch?v=8vr8LHB177E&pp=0gcJCesJAYcqIYzv,10:24,624,เรื่องเล่า
ตำนานพญานาค | หลอนไดอารี่ Thai Monster,การดู 1.5 ล้าน ครั้ง,1500000,2022-09-23 22:39:23.824791,https://www.youtube.com/watch?v=GI4jXpgQOP8,4:59,299,เรื่องผี
คุณลุงคลานต่ำ | หลอนไดอารี่ Short Film,การดู 2.1 ล้าน ครั้ง,2100000,2022-09-23 22:39:23.824795,https://www.youtube.com/watch?v=Ah0qRCErbok,8:28,508,เรื่องเล่า
เสียงเรียกจากญิน | หลอนไดอารี่ EP.115,การดู 2.8 ล้าน ครั้ง,2800000,2022-09-23 22:39:23.824800,https://www.youtube.com/watch?v=1LHhu0_SPjA,13:01,781,เรื่องเล่า
ผีส่งลา เรื่องหลอนจากทางบ้าน | หลอนไดอารี่,การดู 2.5 ล้าน ครั้ง,2500000,2022-09-23 22:39:23.824804,https://www.youtube.com/watch?v=TK3Nn0_YaIY,7:43,463,เรื่องผี
เปรตขุนหาญ | หลอนไดอารี่ EP.114,การดู 5.5 ล้าน ครั้ง,5500000,2022-09-23 22:39:23.824809,https://www.youtube.com/watch?v=gv6z6YLBN_4,16:51,1011,เรื่องผี
รวมคลิปหลอนข้ามปี | หลอนไดอารี่,การดู 9.4 ล้าน ครั้ง,9400000,2022-09-23 22:39:23.824813,https://www.youtube.com/watch?v=QIh_tDJQrds,2:01:15,7275,เรื่องเล่า
ตำนานผีสาวคอยาว | หลอนไดอารี่,การดู 3.3 ล้าน ครั้ง,3300000,2022-09-23 22:39:23.824817,https://www.youtube.com/watch?v=D2QopgGC52c,5:16,316,ตำนาน / ประวัติศาสตร์
ผีรับน้องพระ | หลอนไดอารี่ EP.113,การดู 3.8 ล้าน ครั้ง,3800000,2022-09-23 22:39:23.824821,https://www.youtube.com/watch?v=EwJ4OWeAPFA&pp=0gcJCesJAYcqIYzv,11:54,714,เรื่องผี
ตำนานวันคริสต์มาส | หลอนไดอารี่,การดู 2.5 ล้าน ครั้ง,2500000,2022-09-23 22:39:23.824826,https://www.youtube.com/watch?v=ipOOXIcu16s,7:12,432,ตำนาน / ประวัติศาสตร์
ห้องดับจิต | หลอนไดอารี่ EP.112,การดู 4.4 ล้าน ครั้ง,4400000,2022-09-23 22:39:23.824830,https://www.youtube.com/watch?v=CS8mTobaeHM,14:47,887,เรื่องเล่า
ตำนานพระงั่ง | หลอนไดอารี่,การดู 1.4 ล้าน ครั้ง,1400000,2022-09-23 22:39:23.824834,https://www.youtube.com/watch?v=RpVvkMbZC5o,5:38,338,ตำนาน / ประวัติศาสตร์
ผีหัวขาด ต้นสะแบง | หลอนไดอารี่ EP.111,การดู 4.1 ล้าน ครั้ง,4099999,2022-09-23 22:39:23.824838,https://www.youtube.com/watch?v=1z8Sk1K5CSs&pp=0gcJCesJAYcqIYzv,12:28,748,เรื่องผี
ตำนานผีตายทั้งกลม | หลอนไดอารี่,การดู 2.3 ล้าน ครั้ง,2300000,2022-09-23 22:39:23.824842,https://www.youtube.com/watch?v=MQu2TJjwsHI,5:16,316,ตำนาน / ประวัติศาสตร์
ผีกะห้าแยก | หลอนไดอารี่ EP.110,การดู 6.3 ล้าน ครั้ง,6300000,2022-09-23 22:39:23.824846,https://www.youtube.com/watch?v=A_hbI9GW7rg,11:57,717,เรื่องผี
ตำนานท้าวพญายมราช | หลอนไดอารี่,การดู 1.1 ล้าน ครั้ง,1100000,2022-09-23 22:39:23.824850,https://www.youtube.com/watch?v=dGkq9vj0irg,5:20,320,เรื่องผี
ผีชวนปฏิบัติธรรม | หลอนไดอารี่ EP.109,การดู 3.3 ล้าน ครั้ง,3300000,2022-09-23 22:39:23.824854,https://www.youtube.com/watch?v=R8aCoXzmwCk,14:01,841,เรื่องผี
ตำนานอสูรกายภูมิ | หลอนไดอารี่ Thai Monster,การดู 1.2 ล้าน ครั้ง,1200000,2022-09-23 22:39:23.824858,https://www.youtube.com/watch?v=dP8SORkd3pM,6:28,388,ตำนาน / ประวัติศาสตร์
เทวรูปกินคน 2 | หลอนไดอารี่ EP.108,การดู 5.1 ล้าน ครั้ง,5100000,2022-09-23 22:39:23.824862,https://www.youtube.com/watch?v=ZSvlpx0dtDk,16:58,1018,เรื่องเล่า
ตำนานวันลอยกระทง| หลอนไดอารี่,การดู 2.6 ล้าน ครั้ง,2600000,2022-09-23 22:39:23.824866,https://www.youtube.com/watch?v=2JqDsbhXAog,6:08,368,ตำนาน / ประวัติศาสตร์
เงินปากผี | หลอนไดอารี่ EP.107,การดู 6.1 ล้าน ครั้ง,6100000,2022-09-23 22:39:23.824871,https://www.youtube.com/watch?v=PAm9tKqOV1I,14:48,888,เรื่องเล่า
คนเลี้ยงผี | หลอนไดอารี่ EP.106,การดู 7.4 ล้าน ครั้ง,7400000,2022-09-23 22:39:23.824875,https://www.youtube.com/watch?v=ETCRVKO6XRg,13:12,792,เรื่องเล่า
ผีกินลูกคน | หลอนไดอารี่ EP.105,การดู 13 ล้าน ครั้ง,13000000,2022-09-23 22:39:23.824879,https://www.youtube.com/watch?v=fjr51HaY8Y4,12:30,750,เรื่องผี
ตำนานสะพานขาว | หลอนไดอารี่,การดู 3.9 ล้าน ครั้ง,3900000,2022-09-23 22:39:23.824883,https://www.youtube.com/watch?v=ttDDiiNmzVY,5:20,320,ตำนาน / ประวัติศาสตร์
ศาลาพักข้างสุสาน 1 | หลอนไดอารี่ EP.104,การดู 13 ล้าน ครั้ง,13000000,2022-09-23 22:39:23.824887,https://www.youtube.com/watch?v=dKv6S4KodSI,17:17,1037,เรื่องเล่า
ตำนานนางเงือก | หลอนไดอารี่ Thai Monster,การดู 1.8 ล้าน ครั้ง,1800000,2022-09-23 22:39:23.824890,https://www.youtube.com/watch?v=NBbD88dO38A,5:22,322,ตำนาน / ประวัติศาสตร์
ศพที่ปลายสาย | หลอนไดอารี่ EP.103,การดู 6.2 ล้าน ครั้ง,6200000,2022-09-23 22:39:23.824895,https://www.youtube.com/watch?v=cXAL45nr3gc,12:38,758,เรื่องเล่า
ตำนานปู่อือลือนาคราช | หลอนไดอารี่ Thai Monster,การดู 2.2 ล้าน ครั้ง,2200000,2022-09-23 22:39:23.824899,https://www.youtube.com/watch?v=734BWxKKliw,7:11,431,ตำนาน / ประวัติศาสตร์
สองเปรตเฝ้าวัดร้าง | หลอนไดอารี่ EP.102,การดู 7.4 ล้าน ครั้ง,7400000,2022-09-23 22:39:23.824903,https://www.youtube.com/watch?v=FBl9TZca6pw,14:06,846,เรื่องผี
โค้งร้อยศพ | หลอนไดอารี่ EP.101,การดู 6.2 ล้าน ครั้ง,6200000,2022-09-23 22:39:23.824907,https://www.youtube.com/watch?v=JdB9Szs2lPo,10:32,632,เรื่องเล่า
ผีทหารพราน | หลอนไดอารี่ EP.100,การดู 4.1 ล้าน ครั้ง,4099999,2022-09-23 22:39:23.824911,https://www.youtube.com/watch?v=kVYtMoRzOvU,14:37,877,เรื่องผี
ตำนานป่าฆ่าตัวตาย | หลอนไดอารี่,การดู 1.4 ล้าน ครั้ง,1400000,2022-09-23 22:39:23.824915,https://www.youtube.com/watch?v=43eGSMoqfwA,5:30,330,ตำนาน / ประวัติศาสตร์
ผีหลวงตาชื่นเฝ้าสมบัติ  | หลอนไดอารี่ EP.99,การดู 5.6 ล้าน ครั้ง,5600000,2022-09-23 22:39:23.824919,https://www.youtube.com/watch?v=cu1U7bHYStw,14:18,858,เรื่องผี
ตำนานผีตายโหง | หลอนไดอารี่,การดู 2 ล้าน ครั้ง,2000000,2022-09-23 22:39:23.824923,https://www.youtube.com/watch?v=bxBb1Lwct68,5:36,336,ตำนาน / ประวัติศาสตร์
ห่าก้อมโคตรผีปอบ | หลอนไดอารี่ EP.98,การดู 9.2 ล้าน ครั้ง,9200000,2022-09-23 22:39:23.824927,https://www.youtube.com/watch?v=5bUiyldh5XY,14:43,883,เรื่องเล่า
พิษรักนางไม้ | หลอนไดอารี่ EP.97,การดู 3.5 ล้าน ครั้ง,3500000,2021-09-23 22:39:23.824931,https://www.youtube.com/watch?v=6WV-7vEt1Fw,10:52,652,เรื่องเล่า
ผีโผล่จากหลุม | หลอนไดอารี่ EP.96,การดู 6.1 ล้าน ครั้ง,6100000,2021-09-23 22:39:23.824935,https://www.youtube.com/watch?v=8goybK0DeeQ,13:39,819,เรื่องผี
ตำนานตุ๊กตาเสียกบาล | หลอนไดอารี่,การดู 9.2 แสน ครั้ง,919999,2021-09-23 22:39:23.824939,https://www.youtube.com/watch?v=-B2lS171gHw,5:00,300,ตำนาน / ประวัติศาสตร์
ผีหวงที่  | หลอนไดอารี่ EP.95,การดู 3.7 ล้าน ครั้ง,3700000,2021-09-23 22:39:23.824943,https://www.youtube.com/watch?v=22EuHWUdPQw,8:27,507,เรื่องผี
ตำนานโค้งยิ้ม | หลอนไดอารี่,การดู 1.6 ล้าน ครั้ง,1600000,2021-09-23 22:39:23.824947,https://www.youtube.com/watch?v=Qwhr5WA0dTE,4:43,283,ตำนาน / ประวัติศาสตร์
คน-ผี-ทะเล | หลอนไดอารี่ EP.94,การดู 3.2 ล้าน ครั้ง,3200000,2021-09-23 22:39:23.824951,https://www.youtube.com/watch?v=oq7DyyOVgas,9:37,577,เรื่องเล่า
ถ่มน้ำลายเซ่นศาล | หลอนไดอารี่ EP.93,การดู 4.6 ล้าน ครั้ง,4600000,2021-09-23 22:39:23.824955,https://www.youtube.com/watch?v=Y2M8HbKbJdQ,12:27,747,เรื่องเล่า
แรงแค้นเด็กวัด | หลอนไดอารี่ EP.92,การดู 4.3 ล้าน ครั้ง,4300000,2021-09-23 22:39:23.824959,https://www.youtube.com/watch?v=zahvU2En3N4,11:32,692,เรื่องเล่า
ผีหลังกลวง | หลอนไดอารี่ EP.91,การดู 4.3 ล้าน ครั้ง,4300000,2021-09-23 22:39:23.824964,https://www.youtube.com/watch?v=so6ICyXzV-g,9:14,554,เรื่องผี
หนังเรื่องสุดท้าย | หลอนไดอารี่ EP.90,การดู 3.3 ล้าน ครั้ง,3300000,2021-09-23 22:39:23.824968,https://www.youtube.com/watch?v=bab4p61YKr8,8:49,529,เรื่องเล่า
ตำนานผีโพน | หลอนไดอารี่,การดู 1.6 ล้าน ครั้ง,1600000,2021-09-23 22:39:23.824972,https://www.youtube.com/watch?v=Rj9XUPgrF54,5:10,310,ตำนาน / ประวัติศาสตร์
ทางลัดผ่านผี | หลอนไดอารี่ EP.89,การดู 3.8 ล้าน ครั้ง,3800000,2021-09-23 22:39:23.824976,https://www.youtube.com/watch?v=NUK-NW7qt8g,12:31,751,เรื่องเล่า
หมอลำหน้าเมรุ  | หลอนไดอารี่ EP.88,การดู 4 ล้าน ครั้ง,4000000,2021-09-23 22:39:23.824980,https://www.youtube.com/watch?v=klv-2Fmgd6U,10:11,611,เรื่องเล่า
แคมป์ผีพยาบาท | หลอนไดอารี่ EP.87,การดู 3.5 ล้าน ครั้ง,3500000,2021-09-23 22:39:23.824984,https://www.youtube.com/watch?v=90vcLZyPARM,10:54,654,เรื่องผี
ตำนานแม่ซื้อ | หลอนไดอารี่,การดู 3.3 ล้าน ครั้ง,3300000,2021-09-23 22:39:23.824988,https://www.youtube.com/watch?v=TAokmb4h_yo,5:13,313,ตำนาน / ประวัติศาสตร์
กูกินคนเดียวไม่หมด | หลอนไดอารี่ x THE SHOCK EP.86,การดู 4.8 ล้าน ครั้ง,4800000,2021-09-23 22:39:23.824992,https://www.youtube.com/watch?v=8Nxa24uW5p0,11:26,686,เรื่องเล่า
ตำนานยายกะลาตากะลี | หลอนไดอารี่,การดู 1.6 ล้าน ครั้ง,1600000,2021-09-23 22:39:23.824996,https://www.youtube.com/watch?v=9k3dt5N3g2s,5:17,317,ตำนาน / ประวัติศาสตร์
นั่งซาก ศพล่อเสือ | หลอนไดอารี่ x THE SHOCK EP.85,การดู 6.4 ล้าน ครั้ง,6400000,2021-09-23 22:39:23.825000,https://www.youtube.com/watch?v=yYaZ5vLrpVA,13:38,818,เรื่องเล่า
ตำนานผีม้าบ้อง | หลอนไดอารี่ Thai Monster,การดู 2 ล้าน ครั้ง,2000000,2021-09-23 22:39:23.825004,https://www.youtube.com/watch?v=g51knu93KvM,4:56,296,ตำนาน / ประวัติศาสตร์
คืนบาป | หลอนไดอารี่ x The Shock 13 | EP.84,การดู 7.1 ล้าน ครั้ง,7100000,2021-09-23 22:39:23.825008,https://www.youtube.com/watch?v=vi4fR1b0BUc,12:44,764,เรื่องเล่า
ตำนานอีกาปากเหล็ก | หลอนไดอารี่ Thai Monster,การดู 1.6 ล้าน ครั้ง,1600000,2021-09-23 22:39:23.825012,https://www.youtube.com/watch?v=eHY_vjNoIKU,5:14,314,ตำนาน / ประวัติศาสตร์
ขอกินเครื่องในหน่อย | หลอนไดอารี่ x The Shock 13 | EP.83,การดู 8.2 ล้าน ครั้ง,8199999,2021-09-23 22:39:23.825016,https://www.youtube.com/watch?v=DA0MUzoGqQk,15:38,938,เรื่องเล่า
หลอนไดอารี่ x The Shock,การดู 4.1 แสน ครั้ง,409999,2021-09-23 22:39:23.825020,https://www.youtube.com/watch?v=wIaHUCgwH6g,0:34,34,เรื่องเล่า
ขอหวยผีตายโหง | หลอนไดอารี่ EP.82,การดู 3.3 ล้าน ครั้ง,3300000,2021-09-23 22:39:23.825024,https://www.youtube.com/watch?v=77ObcvZ7MzU,10:14,614,เรื่องเล่า
หมู่บ้านกินคน | หลอนไดอารี่ EP.81,การดู 6.6 ล้าน ครั้ง,6600000,2021-09-23 22:39:23.825028,https://www.youtube.com/watch?v=heIr7Z0uWHM,12:59,779,เรื่องเล่า
ตำนานผีกะ | หลอนไดอารี่,การดู 1.9 ล้าน ครั้ง,1900000,2021-09-23 22:39:23.825033,https://www.youtube.com/watch?v=e6PcLoTpikY,5:13,313,ตำนาน / ประวัติศาสตร์
ผีห้ามบวชเณร | หลอนไดอารี่ EP.80,การดู 2.2 ล้าน ครั้ง,2200000,2021-09-23 22:39:23.825037,https://www.youtube.com/watch?v=fEVPPJ7zZQQ,12:30,750,เรื่องผี
ตำนานผีนา | หลอนไดอารี่ Sponsor by G'nite,การดู 3.3 ล้าน ครั้ง,3300000,2021-09-23 22:39:23.825041,https://www.youtube.com/watch?v=o1se3vKxDgc,5:42,342,ตำนาน / ประวัติศาสตร์
ตำนานกุมารทอง | หลอนไดอารี่ Sponsor by G'nite,การดู 2.1 ล้าน ครั้ง,2100000,2021-09-23 22:39:23.825045,https://www.youtube.com/watch?v=BwFcnuQjxbU,5:54,354,ตำนาน / ประวัติศาสตร์
ปู่นาค แม่น้ำอูน | หลอนไดอารี่ EP.79 Sponsor by G'nite,การดู 5.3 ล้าน ครั้ง,5300000,2021-09-23 22:39:23.825049,https://www.youtube.com/watch?v=SBuifoDTZgI,11:46,706,เรื่องเล่า
โรงพยาบาลร้าง | หลอนไดอารี่ EP.78 Sponsor by G'nite,การดู 7.8 ล้าน ครั้ง,7800000,2021-09-23 22:39:23.825053,https://www.youtube.com/watch?v=ntSIXb0db34,13:36,816,เรื่องเล่า
ตำนานผีพรายน้ำ | หลอนไดอารี่ Sponsor by G'nite,การดู 1.5 ล้าน ครั้ง,1500000,2021-09-23 22:39:23.825056,https://www.youtube.com/watch?v=2_UDl_3UO10,5:04,304,ตำนาน / ประวัติศาสตร์
ว่านผีโพง | หลอนไดอารี่ EP.77,การดู 6.6 ล้าน ครั้ง,6600000,2021-09-23 22:39:23.825061,https://www.youtube.com/watch?v=DNTlAPwoCpA,13:48,828,เรื่องเล่า
ตำนานชิงเปรต | หลอนไดอารี่,การดู 2.5 ล้าน ครั้ง,2500000,2021-09-23 22:39:23.825065,https://www.youtube.com/watch?v=h1-KH4ezEsU,5:11,311,เรื่องผี
ไอ้โย่งผีตาโบ๋ | หลอนไดอารี่ EP.76,การดู 11 ล้าน ครั้ง,11000000,2021-09-23 22:39:23.825069,https://www.youtube.com/watch?v=j8HNFG0DpDA&pp=0gcJCesJAYcqIYzv,14:10,850,เรื่องเล่า
ตำนานผีปอบ | หลอนไดอารี่,การดู 4.6 ล้าน ครั้ง,4600000,2021-09-23 22:39:23.825073,https://www.youtube.com/watch?v=tR1Ew5AfS7A,5:17,317,ตำนาน / ประวัติศาสตร์
คืนสยองห้องพิเศษ | หลอนไดอารี่ EP.75,การดู 4.5 ล้าน ครั้ง,4500000,2021-09-23 22:39:23.825077,https://www.youtube.com/watch?v=M94ZbFpHsxY,11:31,691,เรื่องเล่า
อาถรรพ์ของป่า | หลอนไดอารี่ EP.74,การดู 5.7 ล้าน ครั้ง,5700000,2021-09-23 22:39:23.825081,https://www.youtube.com/watch?v=qKOKvPYW7Sw,13:07,787,เรื่องผี
หุ่นนาฏศิลป์เฮี้ยน | หลอนไดอารี่ EP.73,การดู 5.7 ล้าน ครั้ง,5700000,2021-09-23 22:39:23.825085,https://www.youtube.com/watch?v=GRxa_a-KJxA,11:56,716,เรื่องเล่า
ตำนานผีนางตะเคียน | หลอนไดอารี่,การดู 2 ล้าน ครั้ง,2000000,2021-09-23 22:39:23.825089,https://www.youtube.com/watch?v=FH3zHZ18Fdo,5:28,328,ตำนาน / ประวัติศาสตร์
กระสือแฝด ศาลพระกาฬ | หลอนไดอารี่ EP.72,การดู 7.4 ล้าน ครั้ง,7400000,2021-09-23 22:39:23.825093,https://www.youtube.com/watch?v=nXyjy5P27P4,11:38,698,เรื่องผี
ตายโหง วันสงกรานต์ | หลอนไดอารี่ EP.71,การดู 6.8 ล้าน ครั้ง,6800000,2021-09-23 22:39:23.825097,https://www.youtube.com/watch?v=3sygNgsJ3gg,12:04,724,เรื่องเล่า
ตำนานผีกระหัง | หลอนไดอารี่,การดู 3.5 ล้าน ครั้ง,3500000,2021-09-23 22:39:23.825102,https://www.youtube.com/watch?v=r22VlJ3F0m0&pp=0gcJCesJAYcqIYzv,5:14,314,ตำนาน / ประวัติศาสตร์
รถไฟขบวนหลอน | หลอนไดอารี่ EP.70,การดู 13 ล้าน ครั้ง,13000000,2021-09-23 22:39:23.825105,https://www.youtube.com/watch?v=4WhaijfnzvU,12:49,769,เรื่องเล่า
ตำนานผีกองกอย | หลอนไดอารี่ Thai Monster,การดู 4 ล้าน ครั้ง,4000000,2021-09-23 22:39:23.825109,https://www.youtube.com/watch?v=wCceQW68LHI,5:08,308,ตำนาน / ประวัติศาสตร์
ป่าช้าใต้น้ำ | หลอนไดอารี่ EP.69,การดู 6.4 ล้าน ครั้ง,6400000,2021-09-23 22:39:23.825114,https://www.youtube.com/watch?v=-7-aJ_jda00,11:38,698,เรื่องเล่า
ฝังทั้งเป็น | หลอนไดอารี่ EP.68,การดู 7 ล้าน ครั้ง,7000000,2021-09-23 22:39:23.825118,https://www.youtube.com/watch?v=oNXQkNnExaY,11:40,700,เรื่องเล่า
ศพเดินได้ | หลอนไดอารี่,การดู 2.4 ล้าน ครั้ง,2400000,2021-09-23 22:39:23.825122,https://www.youtube.com/watch?v=x3PcFFiIgvw,4:52,292,เรื่องเล่า
ผิดครู | หลอนไดอารี่ EP.67,การดู 9.1 ล้าน ครั้ง,9100000,2021-09-23 22:39:23.825126,https://www.youtube.com/watch?v=9fsaEKaIdO4,11:42,702,เรื่องเล่า
หอพักชาย | หลอนไดอารี่ EP.66,การดู 2.6 ล้าน ครั้ง,2600000,2021-09-23 22:39:23.825130,https://www.youtube.com/watch?v=XIdwWJgKCa4,8:01,481,เรื่องเล่า
โลเคชั่นหลอน | หลอนไดอารี่ EP.65,การดู 4 ล้าน ครั้ง,4000000,2021-09-23 22:39:23.825134,https://www.youtube.com/watch?v=kzYlhY8oGSU&pp=0gcJCesJAYcqIYzv,9:58,598,เรื่องเล่า
ตำนานนกแสก | หลอนไดอารี่,การดู 2.2 ล้าน ครั้ง,2200000,2021-09-23 22:39:23.825138,https://www.youtube.com/watch?v=pPvHFhRlXjU,5:11,311,ตำนาน / ประวัติศาสตร์
มาผิดวัด | หลอนไดอารี่ EP.64,การดู 11 ล้าน ครั้ง,11000000,2021-09-23 22:39:23.825142,https://www.youtube.com/watch?v=QRaezQAqvVQ,13:23,803,เรื่องเล่า
เทวรูปกินคน 1 | หลอนไดอารี่ EP.63,การดู 5.8 ล้าน ครั้ง,5800000,2021-09-23 22:39:23.825146,https://www.youtube.com/watch?v=u6MFl5s5fdY&pp=0gcJCesJAYcqIYzv,10:27,627,เรื่องเล่า
พรายแม่น้ำโขง | หลอนไดอารี่ EP.62,การดู 7.7 ล้าน ครั้ง,7700000,2021-09-23 22:39:23.825150,https://www.youtube.com/watch?v=4rfCNEC4t8A,11:24,684,เรื่องเล่า
ตำนานวาเลนไทน์ | ตำนานไดอารี่ EP.14,การดู 1.4 ล้าน ครั้ง,1400000,2021-09-23 22:39:23.825155,https://www.youtube.com/watch?v=dNYDbxaouFs,5:01,301,ตำนาน / ประวัติศาสตร์
สมิงคลั่ง คืนจันทร์สีเลือด | หลอนไดอารี่ EP.61,การดู 9.1 ล้าน ครั้ง,9100000,2021-09-23 22:39:23.825159,https://www.youtube.com/watch?v=SfEe9Ke_SSA,12:46,766,เรื่องผี
สุสานโสเภณี | หลอนไดอารี่ EP.60,การดู 4.5 ล้าน ครั้ง,4500000,2021-09-23 22:39:23.825163,https://www.youtube.com/watch?v=QcUYptUciaY,10:24,624,เรื่องเล่า
ผีแม่หม้าย | หลอนไดอารี่ EP.59,การดู 10 ล้าน ครั้ง,10000000,2021-09-23 22:39:23.825167,https://www.youtube.com/watch?v=LMaestRaL1M,11:45,705,เรื่องผี
ปอบเขมรลิ้นดำ | หลอนไดอารี่ EP.58,การดู 10 ล้าน ครั้ง,10000000,2021-09-23 22:39:23.825171,https://www.youtube.com/watch?v=KSmykc-ZT30,11:39,699,เรื่องเล่า
เงือกงูผี | หลอนไดอารี่ EP.57,การดู 5.5 ล้าน ครั้ง,5500000,2021-09-23 22:39:23.825175,https://www.youtube.com/watch?v=3wTcha9XuCg,11:01,661,เรื่องเล่า
ผีถ้วยแก้ว | หลอนไดอารี่ EP.56,การดู 4.3 ล้าน ครั้ง,4300000,2021-09-23 22:39:23.825179,https://www.youtube.com/watch?v=jTQ0JMHdKTE,10:54,654,เรื่องผี
เปรตหลวงตาบุตร | หลอนไดอารี่ EP.55,การดู 5 ล้าน ครั้ง,5000000,2021-09-23 22:39:23.825183,https://www.youtube.com/watch?v=VO_3pjsQIMU,10:59,659,เรื่องผี
ตำนานศาลเพียงตา | ตำนานไดอารี่ EP.13,การดู 3 ล้าน ครั้ง,3000000,2021-09-23 22:39:23.825187,https://www.youtube.com/watch?v=n6aM7wa4i84,5:14,314,ตำนาน / ประวัติศาสตร์
เหล็กไหลภูเขาควาย | หลอนไดอารี่ EP.54,การดู 8.9 ล้าน ครั้ง,8900000,2021-09-23 22:39:23.825191,https://www.youtube.com/watch?v=JjN7D5b4fm4&pp=0gcJCesJAYcqIYzv,11:53,713,เรื่องเล่า
หมอผีคนสุดท้าย | หลอนไดอารี่ EP.53,การดู 6.7 ล้าน ครั้ง,6700000,2021-09-23 22:39:23.825195,https://www.youtube.com/watch?v=og22D7ifPcg,11:36,696,เรื่องเล่า
ตำนานแมวดำ | ตำนานไดอารี่ EP.12,การดู 2 ล้าน ครั้ง,2000000,2021-09-23 22:39:23.825199,https://www.youtube.com/watch?v=Flz3GzwJgw4,5:43,343,ตำนาน / ประวัติศาสตร์
โสกผีดิบ | หลอนไดอารี่ EP.52,การดู 4.4 ล้าน ครั้ง,4400000,2021-09-23 22:39:23.825203,https://www.youtube.com/watch?v=vb0R6agaV1Q,10:18,618,เรื่องเล่า
ผีสาวโกสุม | หลอนไดอารี่ EP.51,การดู 12 ล้าน ครั้ง,12000000,2021-09-23 22:39:23.825207,https://www.youtube.com/watch?v=Du_zk75qscQ,12:11,731,เรื่องผี
ตำนานเมืองลับแล | ตำนานไดอารี่ EP.11,การดู 5.7 ล้าน ครั้ง,5700000,2021-09-23 22:39:23.825215,https://www.youtube.com/watch?v=eyPqg86R-0o,8:31,511,ตำนาน / ประวัติศาสตร์
ตำนานไอ้ไข่วัดเจดีย์ | ตำนานไดอารี่ EP.10,การดู 2.5 ล้าน ครั้ง,2500000,2021-09-23 22:39:23.825219,https://www.youtube.com/watch?v=1d425MDkf5w&pp=0gcJCesJAYcqIYzv,7:57,477,ตำนาน / ประวัติศาสตร์
ค่ายลูกเสือสยองขวัญ | หลอนไดอารี่ EP.50,การดู 9 ล้าน ครั้ง,9000000,2021-09-23 22:39:23.825223,https://www.youtube.com/watch?v=IcN_SMYwcuc,14:08,848,เรื่องเล่า
ตำนานน้ำมันพราย | ตำนานไดอารี่ EP.9,การดู 4.1 ล้าน ครั้ง,4099999,2021-09-23 22:39:23.825227,https://www.youtube.com/watch?v=_z749hiKubE,8:47,527,ตำนาน / ประวัติศาสตร์
ตำนานนารีผล | ตำนานไดอารี่ EP.8,การดู 3 ล้าน ครั้ง,3000000,2021-09-23 22:39:23.825232,https://www.youtube.com/watch?v=addv0fhvSH8,7:01,421,ตำนาน / ประวัติศาสตร์
ปอบตาหอม คืนอยู่ไฟ | หลอนไดอารี่ EP.49,การดู 11 ล้าน ครั้ง,11000000,2021-09-23 22:39:23.825236,https://www.youtube.com/watch?v=YcHOm05zjIk,13:55,835,เรื่องเล่า
ตำนานเสาหลักเมือง | ตำนานไดอารี่ EP.7,การดู 2.7 ล้าน ครั้ง,2700000,2021-09-23 22:39:23.825240,https://www.youtube.com/watch?v=DMLZ2ENNAOg,6:44,404,ตำนาน / ประวัติศาสตร์
ตายแล้วไปไหน | หลอนไดอารี่ EP.48,การดู 14 ล้าน ครั้ง,14000000,2021-09-23 22:39:23.825244,https://www.youtube.com/watch?v=zwI9jhlLbgg,13:17,797,เรื่องเล่า
ตำนานงูยักษ์ กาญจนบุรี | ตำนานไดอารี่ EP.6,การดู 2.6 ล้าน ครั้ง,2600000,2021-09-23 22:39:23.825248,https://www.youtube.com/watch?v=939k6la4VLE&pp=0gcJCesJAYcqIYzv,6:58,418,ตำนาน / ประวัติศาสตร์
ผีนางตะเคียน | หลอนไดอารี่ EP.47,การดู 7.7 ล้าน ครั้ง,7700000,2021-09-23 22:39:23.825252,https://www.youtube.com/watch?v=Y3QYb-1bS_s,12:04,724,เรื่องผี
เจ้าวังโนราห์ จระเข้กินคน | ตำนานไดอารี่ EP.5,การดู 4.3 ล้าน ครั้ง,4300000,2021-09-23 22:39:23.825256,https://www.youtube.com/watch?v=SiL5671CKU4,6:47,407,ตำนาน / ประวัติศาสตร์
พระนอนกินเณร | ตำนานไดอารี่ EP.4,การดู 5.6 ล้าน ครั้ง,5600000,2021-09-23 22:39:23.825260,https://www.youtube.com/watch?v=WykbqX9_Hm8,6:59,419,ตำนาน / ประวัติศาสตร์
สมบัติโบราณ | หลอนไดอารี่ EP.46,การดู 7.7 ล้าน ครั้ง,7700000,2021-09-23 22:39:23.825264,https://www.youtube.com/watch?v=JO2I6Trd85M,11:51,711,ตำนาน / ประวัติศาสตร์
กระสือยายสาย | หลอนไดอารี่ EP.45,การดู 35 ล้าน ครั้ง,35000000,2021-09-23 22:39:23.825268,https://www.youtube.com/watch?v=WvKJkbC5yqs,12:27,747,เรื่องผี
แร้งวัดสะเกศ เปรตวัดสุทัศน์ | ตำนานไดอารี่ EP.3,การดู 3.2 ล้าน ครั้ง,3200000,2021-09-23 22:39:23.825272,https://www.youtube.com/watch?v=mBvuZ3W8VUM,6:29,389,เรื่องผี
บั้งไฟพญานาค | หลอนไดอารี่ EP.44,การดู 8 ล้าน ครั้ง,8000000,2021-09-23 22:39:23.825276,https://www.youtube.com/watch?v=zGpX8WdIwIw,12:49,769,เรื่องผี
เกาะผีเฮี้ยน | หลอนไดอารี่ EP.43,การดู 8.1 ล้าน ครั้ง,8100000,2021-09-23 22:39:23.825280,https://www.youtube.com/watch?v=lcf0u_O12rg,12:29,749,เรื่องเล่า
พระอุ้มหมา ชีอุ้มแมว | หลอนไดอารี่ EP.42,การดู 13 ล้าน ครั้ง,13000000,2020-09-23 22:39:23.825284,https://www.youtube.com/watch?v=MM0QpONMr8U,10:56,656,เรื่องเล่า
สาวปริศนา บนทางสายเปลี่ยว | หลอนไดอารี่ EP.41,การดู 6.4 ล้าน ครั้ง,6400000,2020-09-23 22:39:23.825288,https://www.youtube.com/watch?v=9kJRmRZFtTE,10:26,626,เรื่องเล่า
ผีสาวกะเหรี่ยง | หลอนไดอารี่ EP.40,การดู 5.3 ล้าน ครั้ง,5300000,2020-09-23 22:39:23.825292,https://www.youtube.com/watch?v=Z8GRsXAHdUM,10:50,650,เรื่องผี
แม่นาคพระโขนง | หลอนไดอารี่ EP.39,การดู 10 ล้าน ครั้ง,10000000,2020-09-23 22:39:23.825296,https://www.youtube.com/watch?v=FIn2ukKTJzA,18:42,1122,เรื่องเล่า
คืนนอนเฝ้าศพ | หลอนไดอารี่ EP.38,การดู 8.7 ล้าน ครั้ง,8700000,2020-09-23 22:39:23.825300,https://www.youtube.com/watch?v=spQjz7LzU08,12:28,748,เรื่องเล่า
ห้องเช่าหลอน | หลอนไดอารี่ EP.37,การดู 4.8 ล้าน ครั้ง,4800000,2020-09-23 22:39:23.825304,https://www.youtube.com/watch?v=ud0SZ0ZZM5Y,10:36,636,เรื่องเล่า
ตำนานหงส์ยักษ์ | ตำนานไดอารี่ EP.2,การดู 21 ล้าน ครั้ง,21000000,2020-09-23 22:39:23.825308,https://www.youtube.com/watch?v=ySwepKJvTH8,5:42,342,ตำนาน / ประวัติศาสตร์
ตาโล้นเรียกผี | หลอนไดอารี่ EP.36,การดู 7.2 ล้าน ครั้ง,7200000,2020-09-23 22:39:23.825313,https://www.youtube.com/watch?v=lJFBTESst1Q,10:41,641,เรื่องเล่า
ล่องแพมรณะ | หลอนไดอารี่ EP.35,การดู 5.7 ล้าน ครั้ง,5700000,2020-09-23 22:39:23.825317,https://www.youtube.com/watch?v=dp73xCDjPr8,10:35,635,เรื่องเล่า
อาถรรพ์สะพานไทยลาว | ตำนานไดอารี่ EP.1,การดู 7.1 ล้าน ครั้ง,7100000,2020-09-23 22:39:23.825321,https://www.youtube.com/watch?v=IcC_jDf4XiQ,8:30,510,เรื่องผี
ผีกระหังตาก่ำ | หลอนไดอารี่ EP.34,การดู 17 ล้าน ครั้ง,17000000,2020-09-23 22:39:23.825325,https://www.youtube.com/watch?v=1aFrtBdKI5I,12:48,768,เรื่องผี
หลวงพ่อทองธุดงค์ผานกเค้า | หลอนไดอารี่ EP.33,การดู 11 ล้าน ครั้ง,11000000,2020-09-23 22:39:23.825329,https://www.youtube.com/watch?v=zZ5l9Wq55ko,17:28,1048,เรื่องเล่า
ผีมนต์ดำ เฝ้าสวนยาง | หลอนไดอารี่ EP.32,การดู 5.6 ล้าน ครั้ง,5600000,2020-09-23 22:39:23.825333,https://www.youtube.com/watch?v=PEVXlDG3Lqw,13:29,809,เรื่องผี
สาวนาคี วังคำชะโนด | หลอนไดอารี่ EP.31,การดู 8.7 ล้าน ครั้ง,8700000,2020-09-23 22:39:23.825337,https://www.youtube.com/watch?v=zApDXyrfYkM&pp=0gcJCesJAYcqIYzv,10:35,635,เรื่องเล่า
ผียายสปีด | หลอนไดอารี่ EP.30,การดู 6.6 ล้าน ครั้ง,6600000,2020-09-23 22:39:23.825341,https://www.youtube.com/watch?v=RrMf0yEQCSI,10:30,630,เรื่องผี
ผีม้าบ้อง อาละวาด | หลอนไดอารี่ EP.29,การดู 12 ล้าน ครั้ง,12000000,2020-09-23 22:39:23.825345,https://www.youtube.com/watch?v=poAU7BBPll0,10:41,641,เรื่องผี
อาถรรพ์ สะพานผี | หลอนไดอารี่ EP.28,การดู 5.2 ล้าน ครั้ง,5200000,2020-09-23 22:39:23.825349,https://www.youtube.com/watch?v=H21MldNRlrs,9:32,572,เรื่องผี
ผีนางรำ ใต้ต้นโพธิ์ | หลอนไดอารี่ EP.27,การดู 5.8 ล้าน ครั้ง,5800000,2020-09-23 22:39:23.825353,https://www.youtube.com/watch?v=U22AL6DyYmI,8:26,506,เรื่องผี
ผีกองกอย เทือกเขาภูพาน | หลอนไดอารี่ EP.26,การดู 10 ล้าน ครั้ง,10000000,2020-09-23 22:39:23.825357,https://www.youtube.com/watch?v=_tqpA1EeVHQ,13:02,782,เรื่องผี
ผีคำหลาย ตายทั้งกลม | หลอนไดอารี่ EP.25,การดู 5.3 ล้าน ครั้ง,5300000,2020-09-23 22:39:23.825362,https://www.youtube.com/watch?v=o6vVGyPcxHQ,10:43,643,เรื่องผี
ลูกฉันยังไม่ตาย | หลอนไดอารี่ EP.24,การดู 4.8 ล้าน ครั้ง,4800000,2020-09-23 22:39:23.825366,https://www.youtube.com/watch?v=mob8g1eR87U,7:36,456,เรื่องเล่า
อาถรรพ์งูเจ้าที่ | หลอนไดอารี่ EP.23,การดู 4.3 ล้าน ครั้ง,4300000,2020-09-23 22:39:23.825370,https://www.youtube.com/watch?v=9p-4j4ZpQbE,9:30,570,เรื่องผี
วังน้ำผีสิง | หลอนไดอารี่ EP.22,การดู 2.5 ล้าน ครั้ง,2500000,2020-09-23 22:39:23.825374,https://www.youtube.com/watch?v=0O4Z11ChEDM,7:16,436,เรื่องเล่า
ผีหัวขาด บ้านพักครู | หลอนไดอารี่ EP.21,การดู 3.4 ล้าน ครั้ง,3400000,2020-09-23 22:39:23.825378,https://www.youtube.com/watch?v=EdzX1VfFSFM,6:11,371,เรื่องผี
ผีป่าสมิงคลั่ง ตอนที่ 2 | หลอนไดอารี่ EP.20,การดู 4 ล้าน ครั้ง,4000000,2020-09-23 22:39:23.825383,https://www.youtube.com/watch?v=uHLpc3S4FTI,10:07,607,เรื่องผี
ผีป่าสมิงคลั่ง ตอนที่ 1 | หลอนไดอารี่ EP.20,การดู 2 ล้าน ครั้ง,2000000,2020-09-23 22:39:23.825387,https://www.youtube.com/watch?v=3gt8VhtDa20&pp=0gcJCesJAYcqIYzv,7:02,422,เรื่องผี
ปอบนั่งบนขื่อ | หลอนไดอารี่ EP.19,การดู 4.4 ล้าน ครั้ง,4400000,2020-09-23 22:39:23.825392,https://www.youtube.com/watch?v=DO1QCANM8MA&pp=0gcJCesJAYcqIYzv,10:23,623,เรื่องเล่า
ผีกินผี | หลอนไดอารี่ EP.18,การดู 4.1 ล้าน ครั้ง,4099999,2020-09-23 22:39:23.825400,https://www.youtube.com/watch?v=LKA1mEhaX04,6:44,404,เรื่องผี
ผีตาปุ่นคอแหว่ง | หลอนไดอารี่ EP.17,การดู 4.3 ล้าน ครั้ง,4300000,2020-09-23 22:39:23.825406,https://www.youtube.com/watch?v=2DdVAC5DClw,10:01,601,เรื่องผี
เห็นน้องสาวผมไหม | หลอนไดอารี่ EP.16,การดู 2.7 ล้าน ครั้ง,2700000,2020-09-23 22:39:23.825414,https://www.youtube.com/watch?v=Ughe6zEWnng,7:50,470,เรื่องเล่า
โป่งผีดุ | หลอนไดอารี่ EP.15,การดู 3.3 ล้าน ครั้ง,3300000,2020-09-23 22:39:23.825421,https://www.youtube.com/watch?v=dUiacAp510U,7:01,421,เรื่องเล่า
เปรต ตาชู | หลอนไดอารี่ EP.14,การดู 3.2 ล้าน ครั้ง,3200000,2020-09-23 22:39:23.825426,https://www.youtube.com/watch?v=OO8O6hWhupo,6:14,374,เรื่องผี
คำสาปแช่งของผีตายโหง | หลอนไดอารี่ EP.13,การดู 3.7 ล้าน ครั้ง,3700000,2020-09-23 22:39:23.825430,https://www.youtube.com/watch?v=-twIIqEmT8A&pp=0gcJCesJAYcqIYzv,9:02,542,เรื่องเล่า
ปั้มน้ำมันร้างข้างทาง | หลอนไดอารี่ EP.12,การดู 4.5 ล้าน ครั้ง,4500000,2020-09-23 22:39:23.825434,https://www.youtube.com/watch?v=Vza9qJm40sE,6:25,385,เรื่องเล่า
ผีจ้างหนัง ที่คำชะโนด | หลอนไดอารี่ EP.11,การดู 2.8 ล้าน ครั้ง,2800000,2020-09-23 22:39:23.825437,https://www.youtube.com/watch?v=nZ8DgWrRDDE,7:13,433,เรื่องผี
เสียงเรียกจากมุมมืด | หลอนไดอารี่ EP.10,การดู 1.1 ล้าน ครั้ง,1100000,2020-09-23 22:39:23.825441,https://www.youtube.com/watch?v=pqa10A3BQhI,7:19,439,เรื่องเล่า
เสียงตบมือ กลางป่าลึก | หลอนไดอารี่ EP.9,การดู 2.1 ล้าน ครั้ง,2100000,2020-09-23 22:39:23.825445,https://www.youtube.com/watch?v=VAj7CRgJr9o,9:16,556,เรื่องเล่า
เรื่องเล่าแนวโรคจิต | หลอนไดอารี่ EP.8,การดู 6.6 แสน ครั้ง,660000,2020-09-23 22:39:23.825449,https://www.youtube.com/watch?v=PYOmHnbjXiA,5:50,350,เรื่องเล่า
ผีสาวร้องไห้ ลาโยโรนา | หลอนไดอารี่ EP.7,การดู 2.1 ล้าน ครั้ง,2100000,2020-09-23 22:39:23.825454,https://www.youtube.com/watch?v=3M0GP2o5Zys,8:13,493,เรื่องผี
ตำนานผี นางตานี | หลอนไดอารี่ EP.6,การดู 4.2 ล้าน ครั้ง,4200000,2020-09-23 22:39:23.825458,https://www.youtube.com/watch?v=y3of99FXcQk,8:15,495,ตำนาน / ประวัติศาสตร์
ตำนาน แม่ชีหัวขาด | หลอนไดอารี่ EP.5,การดู 1.6 ล้าน ครั้ง,1600000,2020-09-23 22:39:23.825462,https://www.youtube.com/watch?v=gf-EYvQ0jmc,7:25,445,ตำนาน / ประวัติศาสตร์
ผีในห้องน้ำ ฮานาโกะ-ซัง | หลอนไดอารี่ EP.4,การดู 3.2 ล้าน ครั้ง,3200000,2020-09-23 22:39:23.825465,https://www.youtube.com/watch?v=H7ob8ECkD7Q,8:18,498,เรื่องผี
ตำนานผีสาวปากฉีก | หลอนไดอารี่ EP.3,การดู 1.7 ล้าน ครั้ง,1700000,2020-09-23 22:39:23.825470,https://www.youtube.com/watch?v=Htu-epTWZ8A,8:06,486,ตำนาน / ประวัติศาสตร์
ตำนาน ผีกระสือ | หลอนไดอารี่ EP.2,การดู 3.7 ล้าน ครั้ง,3700000,2020-09-23 22:39:23.825474,https://www.youtube.com/watch?v=BZNJs8c26D4,5:29,329,เรื่องผี
ตำนาน ผีโพง | หลอนไดอารี่ EP.1,การดู 3.2 ล้าน ครั้ง,3200000,2020-09-23 22:39:23.825478,https://www.youtube.com/watch?v=EuMpaJgzxWE,4:49,289,เรื่องผี
